Temps (s),Température 0 (°C),Température 1 (°C),Température 2 (°C)
1.0065133571624756,28.37,29.01,29.1
1.5347566604614258,28.37,28.92,29.01
2.0653393268585205,28.37,28.92,29.01
2.5937564373016357,28.28,28.92,29.01
3.121208906173706,28.37,28.92,29.01
3.649123191833496,28.37,28.92,29.01
4.177525043487549,28.28,28.83,29.01
4.705849647521973,28.37,28.83,29.01
5.235504150390625,28.28,28.83,29.01
5.763710975646973,28.28,28.83,29.01
6.293066501617432,28.37,28.83,29.01
6.820662498474121,28.46,28.83,29.01
7.348386526107788,28.37,28.73,29.01
7.87760591506958,28.28,28.83,29.01
8.406790494918823,28.09,28.73,28.92
8.93460488319397,27.91,28.73,28.92
9.462403774261475,27.73,28.64,28.92
9.9901442527771,27.55,28.73,29.01
10.518811464309692,27.19,28.64,28.92
11.047489166259766,27.01,28.64,28.92
11.576205015182495,26.83,28.64,28.92
12.104965686798096,26.56,28.55,28.92
12.633293628692627,26.38,28.64,28.83
13.161829948425293,26.11,28.55,28.83
13.690637826919556,26.02,28.46,28.83
14.218234300613403,25.75,28.46,28.83
14.745826244354248,25.66,28.46,28.83
15.275674104690552,25.48,28.37,28.83
15.802688837051392,25.21,28.37,28.83
16.331396102905273,25.12,28.37,28.83
16.861221075057983,24.85,28.28,28.73
17.38995623588562,24.77,28.28,28.73
17.917083978652954,24.68,28.19,28.73
18.447261571884155,24.59,28.09,28.73
18.97410249710083,24.41,28.09,28.73
19.50421667098999,24.14,28.0,28.73
20.03172492980957,24.05,28.0,28.73
20.558931589126587,23.97,28.0,28.73
21.087671756744385,23.88,27.91,28.73
21.616571187973022,23.7,27.82,28.64
22.145273685455322,23.52,27.82,28.64
22.674817085266113,23.43,27.73,28.64
23.201919317245483,23.17,27.64,28.64
23.731274604797363,22.2,27.64,28.64
24.258617162704468,22.11,27.55,28.55
24.786587476730347,22.11,27.46,28.55
25.315983533859253,21.93,27.46,28.55
25.843602657318115,21.84,27.46,28.55
26.372476816177368,21.76,27.28,28.46
26.901183605194092,21.67,27.28,28.46
27.428340196609497,21.58,27.28,28.46
27.95853900909424,21.49,27.19,28.37
28.48702883720398,21.4,27.1,28.37
29.014586925506592,21.32,27.1,28.37
29.543205738067627,21.23,27.01,28.37
30.071616888046265,21.23,26.92,28.28
30.600159883499146,21.05,26.92,28.19
31.12787365913391,20.97,26.83,28.19
31.65645956993103,20.88,26.83,28.19
32.18438959121704,20.88,26.65,28.19
32.713650703430176,20.79,26.65,28.09
33.243224143981934,20.7,26.56,28.09
33.77151656150818,20.61,26.47,28.09
34.29864835739136,20.44,26.38,28.0
34.8274450302124,20.44,26.38,28.0
35.35517597198486,20.35,26.29,27.91
35.884411334991455,20.35,26.2,27.91
36.414023876190186,20.17,26.2,27.91
36.941309213638306,20.17,26.11,27.82
37.46993613243103,20.09,26.11,27.82
37.99743032455444,20.09,25.93,27.82
38.52714705467224,20.0,26.02,27.82
39.055907011032104,19.91,25.93,27.73
39.58439230918884,19.82,25.84,27.64
40.112809896469116,19.82,25.75,27.64
40.64117908477783,19.65,25.75,27.55
41.16981077194214,19.65,25.66,27.55
41.696248292922974,19.65,25.66,27.55
42.226062059402466,19.56,25.57,27.46
42.754112005233765,19.47,25.57,27.46
43.28221535682678,19.38,25.48,27.37
43.810115575790405,19.38,25.39,27.37
44.33880066871643,19.3,25.3,27.37
44.86668419837952,19.21,25.3,27.37
45.39692759513855,19.12,25.21,27.28
45.92494201660156,19.12,25.21,27.19
46.45301818847656,19.03,25.12,27.19
46.98123097419739,18.95,25.03,27.1
47.509363651275635,18.86,25.03,27.1
48.0379958152771,18.95,24.94,27.01
48.56819200515747,18.86,24.94,27.01
49.09476709365845,18.68,24.85,27.01
49.624162435531616,18.68,24.77,27.01
50.15205430984497,18.59,24.68,26.92
50.67939758300781,18.59,24.68,26.83
51.20853352546692,18.51,24.59,26.83
51.737119913101196,18.51,24.5,26.74
52.266196966171265,18.51,24.5,26.74
52.794172286987305,18.51,24.41,26.74
53.32307052612305,18.33,24.41,26.65
53.850481033325195,18.33,24.32,26.65
54.37883543968201,18.24,24.32,26.56
54.90726971626282,18.24,24.23,26.56
55.43723797798157,18.24,24.14,26.56
55.96717953681946,18.15,24.14,26.47
56.49296593666077,18.07,24.14,26.47
57.022738218307495,18.07,24.05,26.38
57.54946732521057,17.89,24.05,26.29
58.0780189037323,17.89,24.05,26.29
58.60788822174072,17.8,23.88,26.2
59.13676309585571,17.89,23.88,26.2
59.665302991867065,17.8,23.79,26.2
60.19387650489807,17.8,23.79,26.11
60.721434354782104,17.71,23.7,26.11
61.24835205078125,17.63,23.7,26.02
61.77695417404175,17.54,23.7,25.93
62.30588221549988,17.54,23.61,25.93
62.835007429122925,17.45,23.61,25.93
63.363170862197876,17.45,23.52,25.84
63.89085245132446,17.45,23.43,25.84
64.41995549201965,17.36,23.35,25.75
64.94920682907104,17.27,23.35,25.66
65.47816252708435,17.27,23.35,25.66
66.0053436756134,17.27,23.26,25.57
66.53381657600403,17.27,23.26,25.57
67.06220030784607,17.19,23.17,25.57
67.59120345115662,17.19,23.17,25.48
68.11929655075073,17.1,23.17,25.39
68.64739537239075,17.1,23.08,25.39
69.17594456672668,17.01,22.99,25.3
69.70543599128723,17.01,22.9,25.3
70.23206067085266,17.01,22.9,25.3
70.76102900505066,16.83,22.81,25.21
71.28945660591125,16.83,22.81,25.21
71.8175642490387,16.83,22.81,25.12
72.34645819664001,16.83,22.73,25.12
72.87446784973145,16.75,22.73,25.03
73.40272688865662,16.75,22.64,25.03
73.93192219734192,16.75,22.64,24.94
74.46022844314575,16.66,22.55,24.94
74.98806500434875,16.57,22.55,24.85
75.51695775985718,16.57,22.46,24.85
76.04623866081238,16.57,22.37,24.85
76.57384967803955,16.48,22.46,24.77
77.10215973854065,16.39,22.37,24.68
77.63137698173523,16.39,22.37,24.68
78.15837240219116,16.31,22.29,24.59
78.68833637237549,16.31,22.2,24.59
79.21627926826477,16.31,22.2,24.59
79.74536323547363,16.31,22.11,24.59
80.27379417419434,16.31,22.11,24.5
80.80179524421692,16.22,22.11,24.41
81.33033895492554,16.22,22.02,24.41
81.85920310020447,16.13,21.93,24.32
82.38633370399475,16.13,21.93,24.32
82.91615676879883,16.04,21.93,24.32
83.44434404373169,16.13,21.84,24.23
83.97141408920288,16.04,21.84,24.14
84.49952054023743,16.04,21.76,24.14
85.02998566627502,16.04,21.67,24.14
85.55696845054626,15.95,21.67,24.14
86.08449053764343,15.95,21.58,24.05
86.6135938167572,15.86,21.58,24.05
87.14227962493896,15.86,21.49,23.97
87.67027449607849,15.86,21.49,23.97
88.20029258728027,15.78,21.49,23.88
88.72837996482849,15.78,21.4,23.88
89.2554063796997,15.78,21.32,23.79
89.78580260276794,15.78,21.32,23.79
90.3126289844513,15.78,21.32,23.7
90.84057712554932,15.6,21.23,23.7
91.36979246139526,15.6,21.23,23.7
91.89808917045593,15.6,21.23,23.61
92.42591762542725,15.51,21.23,23.52
92.95496034622192,15.51,21.14,23.52
93.48355293273926,15.51,21.14,23.52
94.01127505302429,15.42,21.05,23.52
94.54008626937866,15.51,21.05,23.43
95.06870245933533,15.42,20.97,23.43
95.59673070907593,15.42,20.97,23.35
96.12559914588928,15.33,20.88,23.35
96.6541051864624,15.24,20.88,23.26
97.18240571022034,15.33,20.79,23.26
97.71006226539612,15.24,20.79,23.26
98.2391049861908,15.16,20.79,23.17
98.76701140403748,15.16,20.79,23.17
99.29598832130432,15.16,20.7,23.17
99.82426881790161,15.16,20.7,23.08
100.35219764709473,15.16,20.61,23.08
100.88133358955383,15.07,20.53,23.08
101.40961122512817,15.07,20.53,22.99
101.93744444847107,14.98,20.53,22.99
102.46716284751892,14.98,20.53,22.9
102.9957344532013,14.89,20.44,22.9
103.52319359779358,14.89,20.44,22.81
104.05181527137756,14.89,20.35,22.81
104.58046388626099,14.89,20.35,22.81
105.1078290939331,14.8,20.35,22.73
105.63641548156738,14.8,20.35,22.73
106.16691493988037,14.8,20.26,22.64
106.69450092315674,14.71,20.26,22.64
107.22356247901917,14.71,20.17,22.64
107.75046992301941,14.71,20.17,22.55
108.28005385398865,14.71,20.09,22.55
108.80666637420654,14.62,20.09,22.46
109.33604645729065,14.62,20.09,22.46
109.86498260498047,14.62,20.0,22.46
110.39270758628845,14.53,20.09,22.37
110.92226314544678,14.62,19.91,22.37
111.44976878166199,14.53,20.0,22.29
111.97807812690735,14.45,19.82,22.37
112.5067310333252,14.45,19.91,22.29
113.03471064567566,14.45,19.82,22.2
113.56344175338745,14.45,19.82,22.2
114.09215784072876,14.36,19.74,22.11
114.62055563926697,14.36,19.65,22.2
115.14814615249634,14.36,19.65,22.11
115.6782557964325,14.36,19.65,22.11
116.20511031150818,14.27,19.65,22.02
116.73511123657227,14.27,19.65,22.02
117.26304650306702,14.18,19.56,22.02
117.79062843322754,14.27,19.56,22.02
118.31923031806946,14.18,19.47,21.93
118.84761428833008,14.18,19.47,21.93
119.3753674030304,14.09,19.47,21.84
119.90484690666199,14.18,19.38,21.84
120.4334626197815,14.09,19.38,21.84
120.96037912368774,14.09,19.3,21.84
121.49002599716187,14.09,19.3,21.76
122.01901054382324,14.0,19.3,21.76
122.5479097366333,14.0,19.3,21.67
123.07477927207947,13.91,19.3,21.67
123.60461068153381,14.0,19.21,21.67
124.13116312026978,14.0,19.12,21.58
124.66101312637329,13.91,19.12,21.58
125.18933916091919,13.91,19.12,21.58
125.71679878234863,13.91,19.03,21.58
126.24454045295715,13.82,19.12,21.49
126.77524065971375,13.91,19.03,21.4
127.30172085762024,13.82,19.03,21.4
127.83039259910583,13.73,18.95,21.49
128.3587827682495,13.73,18.95,21.49
128.88776087760925,13.73,18.95,21.4
129.41586065292358,13.82,18.95,21.4
129.9444808959961,13.73,18.95,21.32
130.47306942939758,13.64,18.86,21.32
131.00065207481384,13.64,18.86,21.32
131.52931475639343,13.55,18.77,21.23
132.05818367004395,13.64,18.77,21.23
132.58762979507446,13.64,18.77,21.23
133.11417031288147,13.64,18.68,21.14
133.64318370819092,13.55,18.68,21.14
134.17148399353027,13.55,18.59,21.05
134.6993260383606,13.46,18.68,21.05
135.22870421409607,13.46,18.68,21.05
135.75605535507202,13.37,18.59,21.05
136.28584742546082,13.37,18.59,21.05
136.8149871826172,13.37,18.59,20.97
137.34185409545898,13.37,18.59,20.97
137.8702049255371,13.28,18.51,20.97
138.39833450317383,13.28,18.42,20.88
138.92877769470215,13.28,18.42,20.88
139.4564437866211,13.28,18.42,20.88
139.98428583145142,13.28,18.42,20.79
140.51257419586182,13.2,18.42,20.88
141.04183745384216,13.28,18.33,20.7
141.5701162815094,13.28,18.24,20.79
142.0979769229889,13.2,18.33,20.7
142.62630343437195,13.2,18.24,20.7
143.15441274642944,13.2,18.15,20.7
143.68323254585266,13.82,18.15,20.7
144.21143794059753,13.73,18.24,20.61
144.74019479751587,13.82,18.15,20.61
145.2691411972046,13.73,18.15,20.61
145.79728198051453,13.73,18.15,20.53
146.32533383369446,13.73,18.07,20.61
146.8541715145111,13.64,18.07,20.53
147.3818597793579,13.64,18.07,20.44
147.9106388092041,13.64,18.07,20.44
148.4391369819641,13.55,17.98,20.44
148.96732091903687,13.55,17.98,20.44
149.49712228775024,13.55,17.98,20.44
150.02406811714172,13.64,17.98,20.44
150.55263423919678,13.55,17.89,20.35
151.08082270622253,13.55,17.89,20.35
151.6097571849823,13.55,17.89,20.35
152.13782787322998,13.46,17.89,20.26
152.66583395004272,13.55,17.8,20.09
153.19429731369019,13.55,17.8,20.17
153.72344970703125,13.46,17.8,20.09
154.25180196762085,13.46,17.8,20.09
154.77975749969482,13.37,17.8,20.09
155.30799651145935,13.46,17.71,20.0
155.83678674697876,13.55,17.71,19.91
156.36497163772583,13.46,17.71,20.0
156.89281272888184,13.46,17.63,19.91
157.42195796966553,13.37,17.63,19.91
157.950101852417,13.37,17.63,19.91
158.47845077514648,13.37,17.63,19.91
159.00700068473816,13.28,17.63,19.82
159.53495240211487,13.28,17.54,19.74
160.06317162513733,13.28,17.54,19.74
160.59221744537354,13.28,17.54,19.91
161.12097787857056,13.28,17.54,19.74
161.6490123271942,13.2,17.54,19.74
162.17765927314758,13.2,17.54,19.74
162.70553970336914,13.2,17.45,19.65
163.2342369556427,13.2,17.54,19.74
163.76305890083313,13.11,17.45,19.65
164.29101586341858,13.11,17.45,19.65
164.8199818134308,13.11,17.36,19.56
165.34772157669067,13.11,17.36,19.56
165.8766405582428,13.2,17.36,19.47
166.4042785167694,13.02,17.36,19.56
166.9334592819214,13.11,17.36,19.56
167.46132254600525,13.02,17.27,19.56
167.99021077156067,13.02,17.27,19.47
168.51867532730103,13.02,17.19,19.56
169.04615664482117,12.93,17.27,19.38
169.57447910308838,13.02,17.19,19.38
170.10331892967224,12.93,17.27,19.38
170.63202381134033,13.02,17.19,19.3
171.16051268577576,12.93,17.1,19.3
171.68894839286804,13.02,17.1,19.3
172.21737051010132,12.93,17.1,19.38
172.7457356452942,12.84,17.1,19.3
173.27449941635132,12.93,17.1,19.3
173.80271172523499,12.93,17.1,19.3
174.33040499687195,12.93,17.01,19.21
174.8591799736023,12.84,17.01,19.3
175.38770031929016,12.93,17.01,19.21
175.91624569892883,12.84,17.01,19.21
176.44483089447021,12.75,17.01,19.21
176.97261261940002,12.75,16.92,19.21
177.50195384025574,12.84,16.92,19.12
178.0302345752716,12.84,16.92,19.12
178.55782341957092,12.84,16.92,19.12
179.08690881729126,12.84,16.92,19.12
179.6145374774933,12.75,16.92,19.12
180.14339232444763,12.75,16.92,19.03
180.67156600952148,12.84,16.83,19.03
181.20015263557434,12.66,16.83,19.03
181.72873902320862,12.75,16.83,19.03
182.25732493400574,12.75,16.83,19.03
182.78591108322144,12.75,16.83,18.95
183.31386375427246,12.66,16.83,18.95
183.8431797027588,12.66,16.75,18.95
184.37041330337524,12.75,16.66,18.95
184.89868545532227,12.57,16.66,18.95
185.42812085151672,12.66,16.66,18.95
185.9572470188141,12.57,16.66,18.95
186.4845995903015,12.66,16.66,18.77
187.01373767852783,12.57,16.66,18.86
187.54151678085327,12.57,16.66,18.86
188.0702998638153,12.57,16.66,18.77
188.59788966178894,12.57,16.57,18.77
189.12682557106018,12.48,16.57,18.77
189.65557312965393,12.57,16.57,18.68
190.18313336372375,12.57,16.57,18.68
190.7117269039154,12.48,16.48,18.77
191.24031281471252,12.57,16.57,18.77
191.768901348114,12.39,16.48,18.77
192.29748463630676,12.48,16.57,18.77
192.82607197761536,12.39,16.39,18.68
193.35356521606445,12.48,16.48,18.68
193.88225722312927,12.39,16.48,18.68
194.4111843109131,12.39,16.39,18.59
194.93946623802185,12.39,16.48,18.68
195.46774053573608,12.48,16.48,18.68
195.99629545211792,12.39,16.39,18.59
196.52462673187256,12.3,16.48,18.59
197.0534107685089,12.39,16.48,18.59
197.5819959640503,12.3,16.39,18.59
198.1101324558258,12.39,16.39,18.59
198.63895225524902,12.3,16.39,18.51
199.1668360233307,12.21,16.39,18.51
199.69542169570923,12.3,16.31,18.51
200.22396397590637,12.3,16.31,18.51
200.75161337852478,12.3,16.31,18.51
201.28053188323975,12.21,16.31,18.51
201.80911827087402,12.21,16.31,18.42
202.33750104904175,12.3,16.22,18.42
202.86542105674744,12.21,16.22,18.42
203.39446687698364,12.3,16.22,18.33
203.9230523109436,12.21,16.22,18.33
204.45064091682434,12.21,16.22,18.33
204.97922897338867,12.21,16.22,18.24
205.50781393051147,12.21,16.13,18.33
206.03696632385254,12.12,16.13,18.33
206.5645568370819,12.21,16.13,18.24
207.0938537120819,12.21,16.13,18.24
207.62144231796265,12.12,16.13,18.33
208.15002942085266,12.12,16.13,18.24
208.67861437797546,12.03,16.04,18.24
209.20698165893555,12.03,16.04,18.24
209.73581266403198,12.03,16.04,18.15
210.2631061077118,12.03,15.95,18.24
210.7923800945282,12.03,16.04,18.24
211.3204984664917,11.93,15.95,18.15
211.84939241409302,11.93,16.04,18.07
212.3789026737213,11.93,16.04,18.15
212.9072654247284,11.93,15.95,18.15
213.4351189136505,11.93,15.95,18.07
213.96311402320862,11.93,15.86,18.07
214.49058771133423,11.93,15.86,18.07
215.02036309242249,11.84,15.86,18.07
215.5482838153839,11.84,15.95,17.98
216.07655954360962,11.84,15.86,18.07
216.60531902313232,11.84,15.86,17.98
217.1338038444519,11.84,15.86,18.07
217.66320824623108,11.75,15.86,17.98
218.19132018089294,11.75,15.78,17.98
218.71800184249878,11.75,15.78,18.07
219.24774956703186,11.75,15.78,17.98
219.77621626853943,11.75,15.78,17.98
220.3040578365326,11.75,15.69,17.98
220.83214783668518,11.75,15.78,17.98
221.36164331436157,11.75,15.69,17.89
221.88923168182373,11.66,15.69,17.89
222.4180760383606,11.75,15.69,17.89
222.94697642326355,11.75,15.69,17.89
223.47512102127075,11.75,15.69,17.89
224.0023708343506,11.75,15.69,17.8
224.53125262260437,11.84,15.69,17.8
225.0605239868164,11.66,15.69,17.8
225.58977913856506,11.66,15.69,17.8
226.11770486831665,11.66,15.6,17.71
226.6454246044159,11.57,15.6,17.71
227.1739432811737,11.57,15.6,17.71
227.70212602615356,11.66,15.6,17.71
228.23086762428284,11.57,15.6,17.71
228.7601809501648,11.57,15.51,17.8
229.28782892227173,11.57,15.6,17.71
229.815997838974,11.57,15.6,17.71
230.34436702728271,11.57,15.51,17.71
230.87418270111084,11.48,15.51,17.71
231.40114903450012,11.48,15.51,17.63
231.92996740341187,11.48,15.51,17.63
232.4593653678894,11.57,15.51,17.63
232.9867148399353,11.48,15.51,17.63
233.5145812034607,11.57,15.42,17.54
234.04285550117493,11.39,15.6,17.63
234.5719771385193,11.48,15.42,17.54
235.10047602653503,11.48,15.42,17.54
235.62899327278137,11.48,15.42,17.54
236.1573212146759,11.48,15.42,17.54
236.6856210231781,11.48,15.42,17.63
237.21491408348083,11.48,15.33,17.54
237.74208402633667,11.48,15.33,17.54
238.27182412147522,11.39,15.33,17.54
238.79950952529907,11.39,15.33,17.54
239.32882022857666,11.39,15.33,17.54
239.8555383682251,11.39,15.33,17.54
240.38439989089966,11.39,15.33,17.45
240.91421627998352,11.39,15.33,17.45
241.442063331604,11.39,15.24,17.54
241.97086596488953,11.3,15.24,17.54
242.49742364883423,11.3,15.24,17.45
243.02601099014282,11.39,15.24,17.45
243.55538725852966,11.3,15.24,17.45
244.0828082561493,11.3,15.24,17.45
244.61295127868652,11.39,15.24,17.45
245.14128851890564,11.3,15.16,17.45
245.6690547466278,11.3,15.16,17.36
246.197092294693,11.3,15.16,17.45
246.72578978538513,11.3,15.16,17.36
247.25538039207458,11.3,15.16,17.36
247.78249835968018,11.21,15.07,17.36
248.31132626533508,11.3,15.16,17.36
248.84009671211243,11.21,15.07,17.36
249.36687850952148,11.3,15.07,17.27
249.89648461341858,11.21,15.07,17.36
250.42446899414062,11.21,15.16,17.27
250.95339941978455,11.3,15.07,17.36
251.48275017738342,11.3,15.07,17.36
252.0101194381714,11.3,15.07,17.27
252.5387065410614,11.21,15.07,17.36
253.06655049324036,11.21,15.07,17.27
253.59577465057373,11.21,14.98,17.27
254.12392830848694,11.21,15.07,17.27
254.65247464179993,11.3,14.98,17.27
255.1802260875702,11.21,14.98,17.19
255.70904064178467,11.21,14.98,17.19
256.2377018928528,11.21,14.98,17.19
256.76584553718567,11.21,14.98,17.19
257.29347133636475,11.21,14.98,17.1
257.82235288619995,11.21,14.89,17.19
258.35064029693604,11.21,14.89,17.19
258.87918734550476,11.21,14.98,17.19
259.40891790390015,11.12,14.89,17.19
259.9371166229248,11.12,14.89,17.19
260.46507835388184,11.12,14.89,17.1
260.9926722049713,11.03,14.89,17.1
261.52114248275757,11.03,14.8,17.1
262.05044889450073,11.12,14.8,17.1
262.5792770385742,11.03,14.8,17.01
263.1077139377594,11.03,14.8,17.01
263.6362671852112,11.12,14.89,17.1
264.16325068473816,11.03,14.8,17.01
264.6921854019165,11.03,14.89,17.01
265.2200367450714,11.12,14.8,17.01
265.7489957809448,11.12,14.8,17.01
266.277948141098,11.12,14.71,17.01
266.80575942993164,11.03,14.8,17.01
267.33481764793396,11.03,14.71,17.01
267.86359882354736,11.12,14.8,17.01
268.39049243927,11.03,14.8,17.01
268.9205894470215,11.12,14.8,16.92
269.4493818283081,11.03,14.8,16.92
269.9772455692291,11.03,14.71,16.92
270.5060784816742,11.12,14.71,16.83
271.0348856449127,11.03,14.71,16.83
271.5609474182129,11.12,14.71,16.83
272.08981561660767,11.03,14.71,16.83
272.618891954422,10.94,14.71,16.83
273.14763593673706,10.94,14.71,16.83
273.6755402088165,11.03,14.8,16.83
274.2040801048279,11.03,14.71,16.83
274.73173356056213,10.94,14.62,16.83
275.26181149482727,10.94,14.71,16.75
275.78863525390625,10.84,14.71,16.75
276.318603515625,10.94,14.71,16.75
276.8457901477814,11.03,14.71,16.66
277.37446641921997,10.94,14.71,16.66
277.90253257751465,11.03,14.71,16.75
278.43285274505615,10.94,14.71,16.75
278.96008253097534,10.94,14.62,16.66
279.4895453453064,11.03,14.62,16.75
280.01624298095703,10.94,14.71,16.66
280.5452754497528,10.94,14.62,16.75
281.07511854171753,10.94,14.62,16.66
281.6021909713745,10.84,14.62,16.75
282.13107466697693,10.84,14.62,16.66
282.6586983203888,10.94,14.53,16.75
283.1877791881561,10.94,14.62,16.66
283.7168550491333,10.94,14.62,16.66
284.2446632385254,10.84,14.62,16.75
284.7735676765442,10.84,14.53,16.66
285.3012089729309,10.84,14.53,16.66
285.82906889915466,10.75,14.53,16.66
286.35768151283264,10.84,14.62,16.75
286.88624000549316,10.75,14.53,16.66
287.4148278236389,10.75,14.53,16.66
287.94341230392456,10.84,14.53,16.66
288.4719994068146,10.75,14.45,16.66
288.99972558021545,10.84,14.45,16.66
289.5282504558563,10.75,14.45,16.66
290.0569899082184,10.84,14.53,16.57
290.58557772636414,10.84,14.45,16.57
291.1134376525879,10.75,14.45,16.57
291.64202094078064,10.75,14.45,16.57
292.1703350543976,10.75,14.45,16.57
292.698933839798,10.75,14.36,16.66
293.22720861434937,10.75,14.45,16.57
293.75532722473145,10.75,14.45,16.57
294.28383469581604,10.75,14.45,16.57
294.8139696121216,10.66,14.45,16.57
295.3424925804138,10.66,14.45,16.48
295.8702538013458,10.66,14.45,16.48
296.3977177143097,10.75,14.36,16.57
296.926641702652,10.84,14.36,16.57
297.45515632629395,10.66,14.45,16.57
297.9831602573395,10.66,14.36,16.57
298.511652469635,10.66,14.36,16.57
299.040447473526,10.66,14.36,16.57
299.5685567855835,10.57,14.36,16.57
300.0961937904358,10.66,14.27,16.48
300.62581515312195,10.66,14.36,16.48
301.1541428565979,10.66,14.45,16.48
301.6815905570984,10.66,14.36,16.48
302.21089220046997,10.57,14.36,16.48
302.74077892303467,10.57,14.36,16.48
303.2675244808197,10.57,14.27,16.48
303.7954490184784,10.57,14.36,16.48
304.32489109039307,10.57,14.36,16.48
304.8526442050934,10.57,14.27,16.48
305.3818483352661,10.66,14.27,16.48
305.91086626052856,10.66,14.27,16.48
306.43905806541443,10.57,14.27,16.48
306.9660725593567,10.48,14.27,16.48
307.4948515892029,10.48,14.18,16.48
308.0250988006592,10.57,14.18,16.48
308.5520987510681,10.48,14.18,16.39
309.08122754096985,10.57,14.18,16.39
309.6096570491791,10.57,14.18,16.39
310.1377682685852,10.57,14.27,16.39
310.66607570648193,10.57,14.27,16.39
311.19412088394165,10.57,14.18,16.31
311.72182750701904,10.57,14.18,16.31
312.25057888031006,10.57,14.27,16.39
312.7793755531311,10.57,14.18,16.31
313.3078074455261,10.57,14.18,16.39
313.83586978912354,10.57,14.18,16.31
314.3641541004181,10.57,14.18,16.31
314.89284348487854,10.48,14.18,16.39
315.42143416404724,10.48,14.18,16.31
315.95022892951965,10.57,14.18,16.31
316.4799950122833,10.48,14.18,16.31
317.0082905292511,10.48,14.18,16.31
317.5350978374481,10.48,14.18,16.31
318.06306767463684,10.57,14.18,16.31
318.591689825058,10.48,14.09,16.31
319.12002778053284,10.48,14.09,16.31
319.64921522140503,10.48,14.09,16.31
320.17706418037415,10.48,14.09,16.31
320.70625042915344,10.48,14.09,16.31
321.2347412109375,10.48,14.09,16.31
321.7621178627014,10.48,14.09,16.31
322.29064083099365,10.48,14.09,16.31
322.82055711746216,10.48,14.09,16.39
323.3482210636139,10.39,14.0,16.31
323.8764009475708,10.39,14.09,16.31
324.40536236763,10.39,14.09,16.22
324.9337317943573,10.48,14.09,16.22
325.46186089515686,10.48,14.0,16.22
325.99024987220764,10.48,14.0,16.22
326.51824593544006,10.39,14.0,16.31
327.0467474460602,10.39,14.0,16.31
327.5752992630005,10.39,14.0,16.31
328.1035723686218,10.39,14.0,16.22
328.6326587200165,10.39,14.0,16.31
329.1605894565582,10.39,14.0,16.22
329.6896643638611,10.29,14.0,16.31
330.21774554252625,10.39,14.0,16.22
330.7463688850403,10.29,14.0,16.22
331.27366852760315,10.29,14.0,16.22
331.80344009399414,10.29,14.0,16.22
332.332062959671,10.29,14.0,16.13
332.8594388961792,10.29,14.0,16.22
333.3878629207611,10.2,13.91,16.22
333.9178264141083,10.29,14.0,16.13
334.4450783729553,10.29,14.0,16.22
334.9738059043884,10.2,14.0,16.13
335.50212383270264,10.2,14.0,16.13
336.030211687088,10.29,14.0,16.13
336.55900955200195,10.2,13.91,16.04
337.086918592453,10.29,13.91,16.13
337.614985704422,10.2,13.91,16.04
338.1436595916748,10.2,14.0,16.04
338.67255091667175,10.29,13.91,16.13
339.20046758651733,10.29,13.91,16.04
339.7293322086334,10.29,13.91,16.04
340.25801062583923,10.2,13.82,16.04
340.7853744029999,10.2,13.82,15.95
341.31458163261414,10.29,13.91,15.95
341.8424105644226,10.2,13.82,16.04
342.3712282180786,10.29,13.91,15.95
342.900164604187,10.2,13.82,16.04
343.4289665222168,10.2,13.82,15.95
343.9571990966797,10.29,13.82,15.95
344.4849727153778,10.29,13.82,15.95
345.0139763355255,10.2,13.82,16.04
345.54171442985535,10.29,13.82,15.95
346.07054352760315,10.29,13.73,15.95
346.59905767440796,10.29,13.82,15.95
347.1272521018982,10.29,13.73,15.95
347.655889749527,10.2,13.82,15.95
348.1843502521515,10.29,13.73,15.95
348.7130091190338,10.29,13.73,15.95
349.24090552330017,10.29,13.73,15.95
349.76908564567566,10.2,13.73,15.86
350.2976734638214,10.2,13.73,15.95
350.8262720108032,10.11,13.73,15.86
351.3548448085785,10.2,13.73,15.95
351.88321232795715,10.2,13.73,15.95
352.412145614624,10.2,13.73,15.95
352.9401605129242,10.2,13.64,15.95
353.46811032295227,10.2,13.73,15.95
353.997038602829,10.2,13.73,15.95
354.52704763412476,10.2,13.73,15.95
355.0540361404419,10.2,13.73,15.95
355.5822639465332,10.2,13.73,15.95
356.1112666130066,10.2,13.73,15.95
356.639119386673,10.2,13.73,15.95
357.16774559020996,10.2,13.73,15.95
357.6954312324524,10.11,13.64,15.95
358.2243597507477,10.2,13.64,15.95
358.75303864479065,10.11,13.64,15.95
359.28161096572876,10.11,13.64,15.95
359.80962920188904,10.11,13.73,15.86
360.33841848373413,10.11,13.64,15.95
360.8667862415314,10.2,13.64,15.86
361.39514684677124,10.2,13.64,15.86
361.9228754043579,10.2,13.73,15.86
362.4515154361725,10.11,13.73,15.86
362.98055958747864,10.11,13.73,15.86
363.5090494155884,10.11,13.64,15.86
364.0371036529541,10.11,13.64,15.86
364.56589365005493,10.11,13.73,15.86
365.09392046928406,10.02,13.64,15.86
365.6220736503601,10.11,13.64,15.86
366.1510727405548,10.11,13.64,15.86
366.6801631450653,10.11,13.64,15.86
367.20801401138306,10.11,13.64,15.86
367.73697996139526,10.11,13.64,15.86
368.26469683647156,10.11,13.64,15.86
368.79428911209106,10.11,13.64,15.86
369.3218216896057,10.2,13.64,15.86
369.8508059978485,10.11,13.64,15.86
370.3783950805664,10.02,13.55,15.78
370.9069812297821,10.02,13.55,15.78
371.43485260009766,10.02,13.64,15.78
371.9641432762146,10.02,13.64,15.86
372.49303674697876,10.02,13.64,15.86
373.0205407142639,10.02,13.64,15.78
373.5493607521057,10.11,13.64,15.78
374.0772817134857,10.02,13.64,15.86
374.60619258880615,10.02,13.55,15.78
375.13468408584595,10.02,13.64,15.78
375.6641879081726,10.02,13.64,15.86
376.19143438339233,10.11,13.55,15.78
376.7197730541229,10.02,13.55,15.78
377.2484495639801,10.02,13.55,15.78
377.77641582489014,10.02,13.55,15.78
378.30419993400574,9.93,13.64,15.69
378.8325242996216,10.02,13.55,15.78
379.35900926589966,9.93,13.55,15.78
379.887503862381,9.93,13.55,15.86
380.4153244495392,10.02,13.64,15.78
380.94322204589844,10.02,13.55,15.86
381.472553730011,10.02,13.55,15.78
382.0000367164612,9.93,13.55,15.78
382.52650022506714,9.93,13.55,15.69
383.05475187301636,9.93,13.55,15.78
383.5820927619934,9.83,13.46,15.78
384.109402179718,9.83,13.55,15.86
384.6373007297516,9.83,13.46,15.86
385.16391587257385,9.83,13.55,15.78
385.6911017894745,9.83,13.55,15.86
386.2187352180481,9.83,13.46,15.78
386.74602603912354,9.83,13.46,15.78
387.2739107608795,9.83,13.46,15.78
387.8011693954468,9.83,13.55,15.78
388.328577041626,9.83,13.46,15.78
388.8556203842163,9.83,13.46,15.78
389.38409328460693,9.83,13.55,15.78
389.91019678115845,9.83,13.55,15.78
390.43805956840515,9.74,13.55,15.78
390.9656503200531,9.74,13.55,15.78
391.4931502342224,9.74,13.55,15.78
392.0192210674286,9.83,13.46,15.78
392.54729413986206,9.83,13.46,15.78
393.0741672515869,9.74,13.46,15.78
393.6025905609131,9.74,13.46,15.78
394.1306095123291,9.74,13.46,15.78
394.6564562320709,9.74,13.46,15.78
395.18388986587524,9.65,13.46,15.69
395.7111895084381,9.74,13.46,15.78
396.23898005485535,9.74,13.46,15.78
396.7670497894287,9.74,13.46,15.69
397.2946619987488,9.74,13.37,15.69
397.8209705352783,9.83,13.37,15.69
398.3490483760834,9.74,13.37,15.69
398.8754632472992,9.83,13.37,15.69
399.4032506942749,9.83,13.46,15.6
399.9308350086212,9.74,13.37,15.6
400.4583969116211,9.74,13.37,15.6
400.98599791526794,9.74,13.37,15.6
401.5136547088623,9.74,13.37,15.6
402.04055666923523,9.74,13.28,15.6
402.56761407852173,9.74,13.37,15.6
403.09513664245605,9.65,13.28,15.6
403.6225082874298,9.65,13.37,15.6
404.14988899230957,9.65,13.28,15.51
404.67761969566345,9.65,13.28,15.51
405.2054102420807,9.65,13.28,15.6
405.7317352294922,9.65,13.28,15.51
406.2604777812958,9.65,13.28,15.51
406.7871572971344,9.65,13.28,15.51
407.31341004371643,9.65,13.28,15.51
407.84127473831177,9.65,13.28,15.51
408.3690547943115,9.65,13.28,15.51
408.8959412574768,9.56,13.37,15.51
409.4240963459015,9.56,13.28,15.6
409.9517025947571,9.65,13.37,15.51
410.47831082344055,9.65,13.28,15.51
411.0052258968353,9.65,13.28,15.6
411.5345001220703,9.56,13.28,15.6
412.0603482723236,9.65,13.2,15.51
412.5876443386078,9.65,13.28,15.51
413.11521434783936,9.56,13.28,15.6
413.64224100112915,9.65,13.28,15.51
414.1694085597992,9.47,13.28,15.6
414.6975953578949,9.47,13.2,15.51
415.2245271205902,9.56,13.28,15.51
415.75212597846985,9.47,13.2,15.51
416.279447555542,9.56,13.2,15.51
416.8070366382599,9.56,13.2,15.51
417.3336281776428,9.56,13.28,15.51
417.86121678352356,9.47,13.2,15.51
418.38880801200867,9.56,13.28,15.51
418.91620230674744,9.56,13.2,15.51
419.4437909126282,9.47,13.2,15.51
419.97138023376465,9.47,13.2,15.51
420.4979724884033,9.47,13.2,15.51
421.02556133270264,9.47,13.2,15.51
421.5531508922577,9.47,13.2,15.51
422.0817391872406,9.56,13.2,15.51
422.60832810401917,9.47,13.28,15.51
423.13591837882996,9.47,13.2,15.51
423.6625099182129,9.47,13.2,15.51
424.1900990009308,9.37,13.2,15.51
424.7176880836487,9.56,13.2,15.51
425.2452766895294,9.56,13.2,15.51
425.77188420295715,9.56,13.2,15.42
426.2994568347931,9.47,13.11,15.42
426.8270483016968,9.56,13.2,15.51
427.35464549064636,9.47,13.11,15.42
427.8822252750397,9.47,13.11,15.42
428.40881609916687,9.47,13.2,15.33
428.93640422821045,9.47,13.2,15.42
429.46390533447266,9.56,13.2,15.42
429.99149990081787,9.56,13.2,15.42
430.5186097621918,9.56,13.2,15.42
431.04584670066833,9.47,13.11,15.42
431.5734362602234,9.47,13.2,15.33
432.1010229587555,9.47,13.2,15.33
432.62861251831055,9.56,13.2,15.24
433.1551229953766,9.47,13.2,15.33
433.68295907974243,9.56,13.2,15.33
434.21055006980896,9.56,13.11,15.33
434.7381374835968,9.47,13.11,15.24
435.265344619751,9.56,13.11,15.24
435.7922921180725,9.56,13.11,15.24
436.3201458454132,9.47,13.11,15.24
436.846617937088,9.47,13.2,15.24
437.375207901001,9.47,13.2,15.24
437.90179920196533,9.47,13.11,15.24
438.42938590049744,9.47,13.2,15.24
438.9571158885956,9.47,13.11,15.24
439.484356880188,9.37,13.11,15.16
440.01113295555115,9.37,13.11,15.24
440.5387239456177,9.37,13.11,15.24
441.0663115978241,9.47,13.2,15.24
441.59390234947205,9.47,13.11,15.33
442.12159633636475,9.47,13.11,15.24
442.64825654029846,9.37,13.11,15.24
443.1757037639618,9.37,13.11,15.24
443.7036497592926,9.37,13.11,15.33
444.23123812675476,9.47,13.2,15.33
444.75831723213196,9.47,13.2,15.16
445.2854778766632,9.37,13.11,15.33
445.81306862831116,9.47,13.2,15.24
446.340656042099,9.37,13.11,15.24
446.86724972724915,9.37,13.11,15.24
447.39506244659424,9.47,13.11,15.24
447.922651052475,9.47,13.2,15.33
448.4502410888672,9.47,13.2,15.24
448.9769837856293,9.37,13.2,15.24
449.5049331188202,9.37,13.11,15.24
450.0315492153168,9.37,13.11,15.24
450.5591142177582,9.37,13.11,15.24
451.08670234680176,9.37,13.11,15.24
451.6142919063568,9.37,13.11,15.24
452.1416504383087,9.28,13.11,15.24
452.66924023628235,9.28,13.11,15.24
453.1958317756653,9.37,13.11,15.24
453.7234206199646,9.37,13.11,15.24
454.2509915828705,9.28,13.11,15.33
454.77851843833923,9.28,13.11,15.24
455.30543541908264,9.37,13.11,15.24
455.8330216407776,9.37,13.11,15.24
456.36023473739624,9.28,13.11,15.33
456.8880045413971,9.28,13.11,15.24
457.415589094162,9.37,13.11,15.33
457.94218039512634,9.28,13.02,15.24
458.46942257881165,9.37,13.02,15.24
458.9975562095642,9.28,13.02,15.33
459.52414774894714,9.37,13.02,15.24
460.05183148384094,9.37,13.11,15.24
460.5796859264374,9.37,13.11,15.33
461.107275724411,9.37,13.11,15.33
461.6338698863983,9.37,13.02,15.24
462.16145634651184,9.28,13.02,15.24
462.68920612335205,9.37,13.02,15.33
463.2167937755585,9.37,13.11,15.33
463.74338483810425,9.28,13.11,15.33
464.27220916748047,9.28,13.02,15.24
464.79880142211914,9.28,13.02,15.24
465.3263919353485,9.28,13.02,15.24
465.8539788722992,9.28,13.02,15.33
466.380571603775,9.37,13.02,15.24
466.9081611633301,9.19,13.02,15.24
467.4357497692108,9.28,13.11,15.24
467.9633390903473,9.19,13.02,15.24
468.49092721939087,9.28,13.11,15.24
469.0185167789459,9.19,13.02,15.24
469.54510831832886,9.28,13.02,15.24
470.072696685791,9.19,12.93,15.24
470.6002857685089,9.28,12.93,15.24
471.1268775463104,9.19,12.93,15.24
471.6544668674469,9.28,13.02,15.24
472.1820559501648,9.28,12.93,15.33
472.70964431762695,9.19,12.93,15.24
473.236248254776,9.19,12.93,15.24
473.7648229598999,9.28,12.93,15.16
474.2914140224457,9.19,12.93,15.24
474.81900238990784,9.19,12.93,15.33
475.3465917110443,9.19,12.84,15.24
475.8731837272644,9.28,12.93,15.33
476.4007737636566,9.19,12.93,15.24
476.92836260795593,9.28,13.02,15.33
477.4559667110443,9.28,12.93,15.24
477.98354029655457,9.37,12.93,15.24
478.5111310482025,9.28,12.84,15.16
479.03772139549255,9.37,12.93,15.16
479.56531047821045,9.19,12.84,15.16
480.0928988456726,9.37,12.93,15.16
480.6204879283905,9.19,12.84,15.16
481.1470789909363,9.28,12.93,15.07
481.6746690273285,9.28,12.84,15.07
482.20225763320923,9.28,12.93,15.16
482.72984647750854,9.28,12.93,15.16
483.2564387321472,9.28,12.93,15.16
483.7840268611908,9.28,13.02,15.16
484.3116159439087,9.19,12.93,15.16
484.83920454978943,9.28,13.02,15.16
485.36679434776306,9.28,12.93,15.16
485.89338541030884,9.19,12.93,15.16
486.42097520828247,9.19,12.93,15.24
486.9485650062561,9.28,13.02,15.24
487.4761528968811,9.28,12.93,15.24
488.0027449131012,9.19,12.93,15.16
488.5303339958191,9.28,12.93,15.24
489.05792331695557,9.19,12.93,15.16
489.5855116844177,9.19,12.93,15.16
490.1131007671356,9.28,13.02,15.24
490.64069056510925,9.19,12.93,15.16
491.167293548584,9.19,12.93,15.16
491.6948719024658,9.19,12.93,15.16
492.2224590778351,9.28,13.02,15.16
492.75004863739014,9.19,12.93,15.16
493.2766408920288,9.19,12.93,15.16
493.8042297363281,9.09,12.84,15.16
494.331818819046,9.19,12.93,15.16
494.85940742492676,9.28,12.93,15.16
495.38699674606323,9.19,12.93,15.16
495.9135892391205,9.09,12.93,15.16
496.4411780834198,9.09,12.84,15.16
496.968768119812,9.09,12.84,15.16
497.49635553359985,9.19,12.84,15.16
498.02394342422485,9.19,12.84,15.16
498.5505359172821,9.19,12.93,15.16
499.0781252384186,9.19,12.84,15.16
499.60571336746216,9.19,12.93,15.24
500.13330245018005,9.19,12.93,15.24
500.6608908176422,9.09,12.84,15.16
501.1874837875366,9.19,12.93,15.16
501.71507263183594,9.19,12.93,15.16
502.2426612377167,9.09,12.84,15.16
502.77025032043457,9.09,12.84,15.16
503.29783868789673,9.19,12.93,15.24
503.8244307041168,9.19,13.02,15.24
504.35201930999756,9.09,12.84,15.16
504.87960863113403,9.09,12.93,15.16
505.40719771385193,9.09,12.93,15.16
505.93478631973267,9.09,12.84,15.16
506.46137976646423,9.09,12.84,15.16
506.98896765708923,9.09,12.93,15.16
507.51655530929565,9.09,12.84,15.16
508.0441462993622,9.09,12.84,15.16
508.5707371234894,9.19,12.93,15.24
509.09833431243896,9.0,12.84,15.16
509.62591552734375,9.09,12.93,15.16
510.1535041332245,9.09,12.84,15.16
510.6810932159424,9.09,12.93,15.16
511.20868253707886,9.19,12.84,15.16
511.73527359962463,9.19,12.84,15.16
512.2628631591797,9.09,12.84,15.07
512.7904517650604,9.0,12.84,15.07
513.3180410861969,9.09,12.93,15.16
513.8446323871613,9.09,12.93,15.16
514.3722214698792,9.09,12.84,15.07
514.8998107910156,9.09,12.93,15.16
515.4274001121521,9.0,12.84,15.07
515.9549882411957,9.09,12.84,15.07
516.4815800189972,9.0,12.84,14.98
517.0091688632965,9.09,12.93,15.07
517.536758184433,9.09,12.84,15.07
518.0643472671509,9.28,12.84,15.07
518.5919365882874,9.09,12.84,15.07
519.1185281276703,9.09,12.84,15.16
519.6461184024811,9.0,12.75,15.16
520.1737062931061,9.09,12.84,15.07
520.7012956142426,9.09,12.93,15.16
521.2278873920441,9.0,12.75,15.07
521.7554752826691,9.0,12.84,15.07
522.2830650806427,9.0,12.93,15.07
522.8106529712677,9.0,12.75,15.07
523.3382427692413,9.09,12.84,15.07
523.86483502388,9.09,12.84,15.16
524.3934209346771,9.0,12.75,15.07
524.9200119972229,9.0,12.84,15.16
525.4476013183594,9.0,12.75,15.07
525.9751913547516,9.0,12.75,15.07
526.501784324646,9.0,12.75,15.07
527.0293712615967,9.0,12.75,15.07
527.5569598674774,9.0,12.84,15.07
528.0844259262085,9.09,12.75,15.07
528.6116924285889,9.0,12.84,15.07
529.1392798423767,9.09,12.75,14.98
529.6668689250946,9.19,12.84,15.07
530.1934609413147,9.09,12.84,15.07
530.721049785614,9.09,12.75,15.07
531.2486386299133,9.0,12.75,15.07
531.7762286663055,9.09,12.84,15.07
532.3038172721863,9.0,12.84,15.07
532.8304085731506,9.0,12.75,14.98
533.3580152988434,9.0,12.75,14.98
533.8855867385864,9.09,12.75,15.07
534.4131758213043,9.09,12.75,15.07
534.9407649040222,9.09,12.75,14.98
535.4673562049866,9.09,12.75,14.98
535.994945526123,9.0,12.75,15.07
536.5225350856781,9.19,12.84,15.07
537.0501236915588,9.09,12.75,15.07
537.5767207145691,9.09,12.84,15.07
538.1043059825897,9.09,12.84,15.07
538.631893157959,9.0,12.75,14.98
539.1594824790955,9.0,12.75,14.98
539.6860749721527,9.09,12.84,14.98
540.2136628627777,9.09,12.84,14.98
540.7412531375885,9.09,12.84,14.98
541.268842458725,9.09,12.84,15.07
541.7964301109314,9.09,12.84,14.98
542.3240187168121,9.0,12.84,14.98
542.8506109714508,9.09,12.84,14.98
543.3781986236572,9.0,12.75,14.98
543.9057881832123,9.09,12.84,15.07
544.4333775043488,9.0,12.84,15.07
544.9599695205688,9.0,12.84,15.07
545.4875583648682,9.0,12.84,15.07
546.0151474475861,9.09,12.84,15.07
546.5427360534668,9.0,12.75,14.98
547.0703256130219,9.0,12.84,15.07
547.5969157218933,9.09,12.75,15.07
548.1245052814484,9.09,12.84,15.07
548.6520953178406,9.09,12.84,15.07
549.1796844005585,8.91,12.75,14.98
549.7072730064392,9.0,12.75,14.98
550.2338645458221,9.0,12.75,15.07
550.7614533901215,9.0,12.75,14.98
551.2890429496765,9.0,12.75,14.98
551.8166317939758,8.91,12.75,14.98
552.3442208766937,8.91,12.75,14.98
552.870815038681,9.0,12.75,14.98
553.3984014987946,9.0,12.75,14.89
553.9259903430939,9.0,12.75,14.89
554.4535803794861,8.91,12.75,14.89
554.9801704883575,8.91,12.75,14.98
555.5077590942383,8.91,12.75,14.89
556.0353486537933,9.0,12.75,14.98
556.5629379749298,8.91,12.66,14.98
557.0905277729034,9.0,12.75,14.89
557.6181163787842,9.0,12.66,14.89
558.1447076797485,8.91,12.66,14.89
558.6722965240479,8.91,12.66,14.89
559.1998856067657,8.91,12.66,15.07
559.7274746894836,9.0,12.66,14.89
560.254065990448,9.09,12.75,14.89
560.7816550731659,8.91,12.66,14.98
561.3092441558838,8.91,12.66,14.89
561.8368332386017,9.0,12.66,14.98
562.3644223213196,9.0,12.66,14.89
562.8910138607025,8.91,12.66,14.98
563.4186041355133,9.0,12.66,14.89
563.946192741394,9.0,12.66,14.89
564.4740824699402,9.0,12.75,14.98
565.0014414787292,9.0,12.75,14.89
565.5280330181122,9.0,12.57,14.89
566.0556221008301,8.91,12.66,14.89
566.583211183548,9.09,12.75,14.89
567.1108002662659,9.0,12.75,14.89
567.637393951416,9.0,12.75,14.89
568.1649804115295,9.0,12.75,14.89
568.6925709247589,8.91,12.75,14.89
569.2201588153839,8.91,12.75,14.89
569.7477481365204,8.91,12.66,14.89
570.2753381729126,9.0,12.75,14.89
570.8019285202026,9.0,12.75,14.89
571.3295187950134,9.09,12.75,14.89
571.8571059703827,9.0,12.75,14.89
572.3846945762634,8.91,12.75,14.8
572.9112868309021,8.91,12.75,14.89
573.4388756752014,9.0,12.75,14.89
573.9664652347565,9.0,12.66,14.8
574.4940533638,8.91,12.75,14.89
575.0206470489502,8.91,12.75,14.8
575.5482358932495,8.91,12.66,14.8
576.0768218040466,8.91,12.75,14.8
576.6034133434296,8.91,12.75,14.89
577.131002664566,8.91,12.75,14.8
577.6585912704468,8.91,12.75,14.8
578.1851832866669,8.81,12.66,14.8
578.7127721309662,8.81,12.66,14.8
579.2423555850983,8.91,12.66,14.89
579.7679507732391,8.91,12.75,14.8
580.2955386638641,8.91,12.75,14.89
580.8221304416656,8.91,12.66,14.8
581.3497200012207,8.91,12.75,14.8
581.87730884552,8.91,12.66,14.8
582.4048969745636,8.91,12.66,14.8
582.9314892292023,9.0,12.75,14.89
583.4590787887573,9.0,12.75,14.8
583.9866678714752,8.81,12.66,14.8
584.514256477356,8.91,12.66,14.8
585.0418450832367,8.91,12.75,14.89
585.5694341659546,8.91,12.75,14.89
586.0960257053375,8.91,12.75,14.8
586.6236145496368,8.91,12.75,14.8
587.152200460434,8.91,12.75,14.8
587.6787922382355,8.91,12.66,14.89
588.205384016037,9.0,12.75,14.89
588.7329726219177,9.0,12.66,14.8
589.2605617046356,9.0,12.75,14.89
589.7881517410278,9.0,12.75,14.8
590.3157405853271,8.91,12.66,14.89
590.8423328399658,8.91,12.57,14.8
591.369921207428,8.91,12.57,14.8
591.8975114822388,9.0,12.66,14.8
592.4250996112823,8.91,12.66,14.8
592.9526879787445,9.0,12.66,14.89
593.4792792797089,9.0,12.66,14.89
594.0068686008453,8.91,12.66,14.89
594.5344574451447,8.81,12.57,14.8
595.0620470046997,8.91,12.57,14.8
595.5896360874176,9.0,12.66,14.8
596.1162276268005,8.91,12.57,14.8
596.6438179016113,8.91,12.57,14.71
597.1714053153992,9.0,12.57,14.8
597.6989946365356,9.0,12.48,14.71
598.2265882492065,9.0,12.57,14.8
598.7531752586365,9.0,12.57,14.71
599.2807636260986,8.91,12.48,14.71
599.8083548545837,9.0,12.48,14.71
600.3359425067902,9.0,12.57,14.71
600.8635311126709,8.91,12.48,14.62
601.3911199569702,8.91,12.57,14.71
601.9177117347717,8.91,12.57,14.71
602.4453010559082,8.91,12.57,14.71
602.9728610515594,8.91,12.57,14.62
603.5014445781708,8.91,12.57,14.71
604.0280382633209,8.91,12.57,14.71
604.5546276569366,8.91,12.57,14.71
605.0822162628174,8.81,12.57,14.71
605.6098058223724,8.91,12.66,14.71
606.1373949050903,8.81,12.57,14.71
606.6639866828918,9.0,12.57,14.71
607.1915767192841,9.0,12.57,14.71
607.7191646099091,8.91,12.57,14.71
608.2467534542084,8.91,12.57,14.71
608.7743420600891,8.91,12.57,14.8
609.3009340763092,8.91,12.57,14.89
609.8285233974457,8.81,12.57,14.8
610.3561131954193,8.91,12.57,14.8
610.8837010860443,9.0,12.57,14.8
611.4112901687622,8.91,12.57,14.71
611.9388802051544,8.91,12.66,14.8
612.4654712677002,9.0,12.57,14.71
612.9930598735809,8.91,12.57,14.71
613.5206506252289,8.91,12.57,14.71
614.048238992691,8.91,12.57,14.62
614.5758259296417,8.91,12.57,14.71
615.1024186611176,8.81,12.57,14.71
615.6300067901611,8.81,12.48,14.71
616.1575965881348,8.81,12.57,14.71
616.6851856708527,8.81,12.57,14.8
617.2117779254913,8.81,12.57,14.71
617.7393665313721,8.91,12.48,14.71
618.2669553756714,8.91,12.48,14.71
618.7945446968079,8.81,12.48,14.71
619.3221335411072,8.91,12.48,14.71
619.8497228622437,8.81,12.48,14.8
620.3763144016266,8.91,12.57,14.71
620.9039046764374,9.0,12.57,14.71
621.4314937591553,8.81,12.48,14.8
621.9590814113617,8.81,12.48,14.71
622.4866707324982,8.91,12.57,14.8
623.0132629871368,8.91,12.57,14.8
623.5408511161804,8.81,12.48,14.8
624.068440914154,8.91,12.57,14.8
624.5960290431976,8.91,12.48,14.71
625.1236183643341,8.91,12.57,14.8
625.6502103805542,8.81,12.48,14.71
626.1777987480164,8.81,12.57,14.71
626.7063865661621,8.81,12.57,14.71
627.232976436615,8.91,12.57,14.71
627.7605652809143,8.91,12.57,14.71
628.2871565818787,8.81,12.57,14.71
628.8147468566895,8.81,12.57,14.8
629.3423366546631,8.91,12.57,14.71
629.8699240684509,8.91,12.57,14.71
630.3975138664246,8.91,12.57,14.71
630.9241049289703,8.81,12.48,14.71
631.451694726944,8.91,12.48,14.71
631.9792828559875,8.91,12.57,14.8
632.5068719387054,8.91,12.57,14.71
633.0344617366791,8.91,12.48,14.71
633.5610527992249,8.81,12.48,14.71
634.0886418819427,8.91,12.57,14.71
634.6172277927399,8.81,12.57,14.71
635.1438195705414,8.81,12.57,14.71
635.6714086532593,8.91,12.66,14.71
636.1980006694794,8.81,12.48,14.8
636.725590467453,8.81,12.57,14.8
637.2531778812408,8.81,12.48,14.8
637.7807669639587,8.72,12.48,14.8
638.3083565235138,8.81,12.57,14.71
638.8349485397339,8.81,12.48,14.8
639.3635334968567,8.81,12.48,14.8
639.8901255130768,8.72,12.57,14.8
640.4177138805389,8.72,12.57,14.8
640.9453036785126,8.81,12.57,14.8
641.4728937149048,8.81,12.57,14.89
641.9994847774506,8.91,12.57,14.8
642.5270738601685,8.81,12.57,14.8
643.0546622276306,8.72,12.57,14.8
643.5822517871857,8.72,12.57,14.8
644.1088426113129,8.81,12.57,14.8
644.6374313831329,8.91,12.57,14.8
645.1640214920044,8.81,12.57,14.8
645.6916105747223,8.81,12.57,14.8
646.2191994190216,8.81,12.57,14.8
646.7467880249023,8.81,12.57,14.8
647.273380279541,8.81,12.57,14.8
647.8009693622589,8.72,12.57,14.8
648.3285586833954,8.72,12.57,14.8
648.8561491966248,8.81,12.57,14.8
649.383736371994,8.81,12.57,14.8
649.9103281497955,8.81,12.57,14.71
650.4379169940948,8.72,12.57,14.71
650.965505361557,8.72,12.57,14.8
651.4940931797028,8.72,12.57,14.8
652.0196869373322,8.72,12.66,14.8
652.5472757816315,8.72,12.57,14.8
653.0748641490936,8.81,12.57,14.8
653.6024537086487,8.81,12.57,14.71
654.130044221878,8.91,12.57,14.8
654.657632112503,8.91,12.57,14.8
655.185221195221,8.72,12.57,14.8
655.7118117809296,8.72,12.57,14.89
656.2394015789032,8.81,12.66,14.8
656.7669906616211,8.81,12.57,14.89
657.2945826053619,8.72,12.57,14.71
657.8211712837219,8.81,12.57,14.8
658.3497574329376,8.72,12.57,14.8
658.8763489723206,8.81,12.57,14.71
659.403938293457,8.72,12.57,14.71
659.93052983284,8.72,12.57,14.71
660.4581184387207,8.72,12.48,14.71
660.9857077598572,8.72,12.48,14.71
661.5132973194122,8.81,12.57,14.62
662.040885925293,8.81,12.57,14.71
662.5674779415131,8.72,12.48,14.62
663.0950672626495,8.81,12.48,14.62
663.6226546764374,8.81,12.57,14.62
664.1502442359924,8.72,12.57,14.62
664.6778335571289,8.81,12.57,14.62
665.2044246196747,8.72,12.48,14.71
665.7320139408112,8.72,12.48,14.62
666.2596027851105,8.81,12.57,14.62
666.7871925830841,8.81,12.57,14.71
667.3147809505463,8.81,12.48,14.62
667.8413727283478,8.81,12.57,14.62
668.3689622879028,8.81,12.57,14.62
668.8965504169464,8.72,12.48,14.62
669.4241399765015,8.81,12.57,14.62
669.9517288208008,8.81,12.48,14.62
670.4783201217651,8.81,12.57,14.71
671.0059101581573,8.81,12.48,14.71
671.5334987640381,8.81,12.48,14.71
672.0610883235931,8.91,12.57,14.62
672.5886766910553,8.81,12.57,14.62
673.1152682304382,8.81,12.48,14.62
673.6428570747375,8.91,12.48,14.62
674.1704459190369,8.72,12.48,14.71
674.6980352401733,8.81,12.57,14.62
675.2256240844727,8.81,12.57,14.71
675.753212928772,8.81,12.57,14.71
676.2798049449921,8.91,12.57,14.71
676.8073942661285,8.81,12.57,14.71
677.3349823951721,8.81,12.48,14.62
677.86257147789,8.81,12.57,14.62
678.389163017273,8.91,12.57,14.62
678.916752576828,8.81,12.57,14.71
679.4443414211273,8.81,12.57,14.71
679.9719307422638,8.91,12.57,14.62
680.4995198249817,8.81,12.57,14.71
681.0261106491089,8.91,12.57,14.62
681.5546977519989,8.91,12.48,14.62
682.081289768219,8.91,12.57,14.71
682.609876871109,8.91,12.57,14.62
683.1364696025848,8.81,12.48,14.8
683.664056301117,8.91,12.57,14.71
684.190646648407,8.81,12.48,14.71
684.7182364463806,8.91,12.48,14.71
685.2462213039398,8.81,12.48,14.8
685.773708820343,9.0,12.48,14.71
686.300140619278,8.81,12.48,14.71
686.8277299404144,8.81,12.48,14.71
687.3553197383881,8.91,12.48,14.71
687.8829071521759,8.81,12.57,14.71
688.410496711731,8.91,12.48,14.71
688.9370896816254,8.91,12.48,14.71
689.4646787643433,8.91,12.48,14.71
689.9922668933868,8.81,12.57,14.8
690.5198564529419,8.91,12.57,14.71
691.0474436283112,8.81,12.57,14.8
691.5740365982056,8.81,12.48,14.8
692.1016252040863,8.81,12.48,14.71
692.629213809967,8.91,12.48,14.71
693.1568036079407,8.91,12.57,14.71
693.6853909492493,8.91,12.57,14.71
694.2109832763672,8.81,12.57,14.71
694.7385733127594,8.81,12.57,14.71
695.2661623954773,8.81,12.57,14.62
695.7937655448914,8.81,12.48,14.71
696.3243343830109,8.81,12.57,14.62
696.8489377498627,8.81,12.48,14.71
697.3755216598511,8.81,12.57,14.71
697.9031143188477,8.81,12.48,14.71
698.4306988716125,8.81,12.57,14.8
698.9582891464233,8.81,12.57,14.71
699.4848799705505,8.91,12.48,14.71
700.0124702453613,8.91,12.48,14.71
700.5400574207306,8.81,12.57,14.8
701.0676462650299,8.81,12.57,14.71
701.5952355861664,8.91,12.57,14.71
702.1218280792236,8.91,12.57,14.71
702.6504197120667,8.81,12.57,14.8
703.1770057678223,8.81,12.66,14.8
703.7045946121216,8.91,12.57,14.71
704.232183933258,8.91,12.48,14.71
704.7587764263153,8.91,12.57,14.71
705.2863631248474,8.81,12.57,14.71
705.8139531612396,8.81,12.57,14.71
706.3415431976318,8.91,12.48,14.62
706.8691318035126,8.91,12.48,14.62
707.3957221508026,8.91,12.48,14.62
707.9233117103577,8.81,12.48,14.71
708.4509003162384,8.81,12.48,14.62
708.9784896373749,8.81,12.57,14.62
709.5060777664185,8.91,12.48,14.62
710.0336685180664,8.91,12.57,14.71
710.5602586269379,8.91,12.57,14.71
711.0878481864929,8.91,12.48,14.62
711.6154386997223,8.91,12.48,14.62
712.1430258750916,8.91,12.57,14.71
712.6696186065674,8.91,12.48,14.62
713.1972091197968,9.0,12.57,14.62
713.7247970104218,9.0,12.57,14.62
714.2523851394653,8.91,12.57,14.71
714.7799744606018,8.91,12.57,14.71
715.3065662384033,8.91,12.57,14.62
715.8341541290283,9.0,12.66,14.71
716.3617482185364,8.91,12.66,14.71
716.8893322944641,8.91,12.66,14.71
717.4169211387634,8.91,12.57,14.71
717.9435131549835,8.91,12.57,14.71
718.4711031913757,8.81,12.57,14.71
718.9986910820007,9.09,12.57,14.62
719.5262808799744,8.91,12.57,14.71
720.0538687705994,8.81,12.57,14.71
720.580461025238,8.91,12.57,14.71
721.1080498695374,8.91,12.57,14.71
721.635639667511,8.81,12.57,14.8
722.1632273197174,8.81,12.57,14.71
722.6908173561096,8.91,12.57,14.71
723.2184062004089,8.91,12.57,14.71
723.7449972629547,8.91,12.57,14.71
724.272586107254,8.81,12.66,14.8
724.8001749515533,8.91,12.57,14.8
725.3277649879456,8.91,12.57,14.71
725.8543562889099,8.81,12.57,14.71
726.3819453716278,8.91,12.48,14.8
726.9095332622528,8.81,12.57,14.8
727.437123298645,8.81,12.57,14.8
727.9647119045258,8.81,12.57,14.8
728.4913036823273,8.81,12.57,14.8
729.0188927650452,8.91,12.57,14.8
729.5464816093445,8.81,12.57,14.71
730.0740716457367,8.91,12.57,14.8
730.6016607284546,8.81,12.57,14.8
731.1292488574982,8.81,12.48,14.8
731.6558430194855,8.81,12.57,14.8
732.1834304332733,8.81,12.57,14.8
732.7110188007355,8.81,12.57,14.8
733.2386083602905,8.81,12.57,14.71
733.7661967277527,8.81,12.48,14.8
734.2927885055542,8.81,12.48,14.8
734.8203775882721,8.91,12.57,14.71
735.3476121425629,8.91,12.57,14.8
735.8752014636993,8.81,12.57,14.8
736.4027905464172,8.91,12.57,14.8
736.930379152298,8.81,12.57,14.8
737.4569704532623,8.81,12.57,14.8
737.9845600128174,8.91,12.57,14.71
738.5121488571167,8.91,12.57,14.71
739.0397386550903,8.81,12.48,14.71
739.5673291683197,8.81,12.57,14.8
740.093918800354,8.81,12.57,14.62
740.6215078830719,8.81,12.57,14.62
741.1490962505341,8.72,12.57,14.8
741.6766867637634,8.91,12.57,14.62
742.2042760848999,8.81,12.57,14.62
742.7318644523621,8.81,12.57,14.71
743.258458852768,8.91,12.57,14.71
743.7860445976257,8.81,12.57,14.71
744.313634634018,8.81,12.57,14.71
744.841222524643,8.81,12.57,14.71
745.3678147792816,8.91,12.57,14.62
745.8954036235809,8.91,12.57,14.62
746.4229922294617,8.91,12.57,14.62
746.9505805969238,8.91,12.57,14.62
747.4781703948975,8.81,12.57,14.71
748.0049390792847,8.91,12.57,14.71
748.5325274467468,8.81,12.57,14.71
749.0601165294647,8.91,12.57,14.62
749.5877056121826,8.91,12.57,14.62
750.1152944564819,8.81,12.57,14.8
750.6418867111206,8.81,12.57,14.71
751.1694755554199,8.91,12.57,14.71
751.6970655918121,8.81,12.57,14.71
752.2246541976929,8.81,12.57,14.8
752.7522432804108,8.91,12.57,14.71
753.2788343429565,8.91,12.57,14.71
753.8064224720001,8.81,12.48,14.8
754.3340129852295,8.81,12.57,14.71
754.8616015911102,8.91,12.57,14.8
755.3891916275024,8.91,12.48,14.71
755.9157824516296,8.81,12.48,14.8
756.4433708190918,8.91,12.48,14.71
756.9709599018097,8.81,12.48,14.8
757.4985492229462,8.81,12.57,14.71
758.0261378288269,8.91,12.57,14.71
758.5527291297913,8.91,12.57,14.71
759.0803186893463,8.81,12.57,14.71
759.6079070568085,8.81,12.57,14.71
760.1354966163635,8.81,12.57,14.8
760.6630871295929,8.81,12.57,14.62
761.1896779537201,8.81,12.57,14.71
761.7172667980194,8.91,12.66,14.71
762.2448551654816,8.91,12.57,14.71
762.7724447250366,8.81,12.57,14.71
763.3000335693359,8.81,12.57,14.71
763.8266263008118,8.81,12.57,14.71
764.3542151451111,8.91,12.57,14.71
764.8818037509918,8.81,12.57,14.71
765.4093914031982,8.91,12.57,14.71
765.9379787445068,8.81,12.57,14.71
766.4635729789734,8.81,12.57,14.71
766.9911615848541,8.81,12.57,14.71
767.5187516212463,8.91,12.48,14.71
768.0463390350342,8.91,12.57,14.71
768.5739290714264,8.81,12.57,14.71
769.1005210876465,8.91,12.57,14.71
769.6281099319458,8.81,12.48,14.71
770.1556980609894,8.81,12.48,14.62
770.6832880973816,8.81,12.57,14.71
771.2108767032623,8.81,12.48,14.62
771.7374677658081,8.91,12.48,14.62
772.265056848526,8.81,12.48,14.62
772.792646408081,8.81,12.48,14.62
773.320235490799,8.81,12.48,14.62
773.847823381424,8.81,12.48,14.62
774.3744151592255,8.91,12.57,14.62
774.9020051956177,8.81,12.48,14.62
775.4295938014984,9.0,12.57,14.53
775.9571831226349,8.91,12.48,14.53
776.4847710132599,8.81,12.48,14.62
777.01136302948,8.91,12.57,14.62
777.5389521121979,8.91,12.48,14.62
778.0665416717529,8.81,12.48,14.62
778.5941307544708,8.81,12.57,14.71
779.1217198371887,8.81,12.57,14.71
779.6493084430695,8.91,12.48,14.62
780.1758995056152,8.81,12.57,14.71
780.7034885883331,8.81,12.48,14.62
781.2310771942139,8.81,12.48,14.71
781.7576696872711,8.81,12.48,14.71
782.2852585315704,8.91,12.57,14.71
782.8128476142883,8.81,12.48,14.71
783.340710401535,8.81,12.57,14.71
783.8682994842529,8.91,12.48,14.71
784.3948910236359,8.91,12.48,14.71
784.9224824905396,8.91,12.48,14.71
785.4500706195831,8.81,12.48,14.71
785.977658033371,8.91,12.48,14.71
786.5055928230286,9.0,12.48,14.62
787.0324289798737,9.0,12.48,14.62
787.5600180625916,9.0,12.48,14.62
788.0866096019745,8.91,12.57,14.62
788.6141979694366,8.91,12.48,14.71
789.1417875289917,8.91,12.57,14.71
789.6693770885468,8.91,12.48,14.71
790.1959671974182,9.0,12.48,14.62
790.723557472229,8.91,12.48,14.71
791.2511458396912,8.91,12.57,14.62
791.7797322273254,8.91,12.48,14.62
792.3063242435455,8.81,12.48,14.71
792.8339126110077,8.91,12.48,14.62
793.3605048656464,8.91,12.57,14.62
793.8880932331085,9.0,12.48,14.62
794.4156830310822,9.0,12.57,14.62
794.9432716369629,9.0,12.57,14.71
795.4708604812622,8.91,12.57,14.62
795.9974522590637,8.81,12.57,14.71
796.5250408649445,8.81,12.57,14.62
797.0526301860809,8.81,12.48,14.71
797.5802206993103,8.91,12.57,14.71
798.1078085899353,8.81,12.57,14.8
798.6344010829926,8.91,12.48,14.71
799.1619889736176,8.81,12.57,14.71
799.6895794868469,8.91,12.57,14.71
800.2171680927277,8.81,12.48,14.71
800.7447562217712,8.81,12.48,14.8
801.2713479995728,8.91,12.57,14.71
801.7989375591278,8.81,12.48,14.71
802.3265261650085,8.81,12.48,14.71
802.8541142940521,8.91,12.57,14.71
803.3817038536072,8.91,12.57,14.71
803.9082958698273,8.81,12.57,14.71
804.4358854293823,8.81,12.57,14.71
804.9634733200073,8.81,12.57,14.71
805.4910619258881,8.91,12.57,14.71
806.0186529159546,8.81,12.57,14.71
806.5452435016632,8.81,12.57,14.8
807.0728318691254,8.91,12.57,14.71
807.6004214286804,8.91,12.57,14.71
808.1280097961426,8.91,12.57,14.71
808.6555998325348,8.81,12.57,14.71
809.1821920871735,8.81,12.57,14.8
809.7097792625427,8.81,12.48,14.71
810.2373702526093,8.81,12.57,14.8
810.7649571895599,8.81,12.57,14.8
811.2925477027893,8.91,12.57,14.8
811.8191401958466,8.81,12.48,14.8
812.3467290401459,8.81,12.57,14.71
812.874317407608,8.81,12.57,14.8
813.4019055366516,8.91,12.57,14.71
813.9294946193695,8.91,12.57,14.71
814.4560885429382,8.81,12.48,14.8
814.9838542938232,8.91,12.57,14.71
815.5114443302155,8.81,12.57,14.71
816.0390317440033,8.81,12.57,14.71
816.5656232833862,8.91,12.57,14.71
817.093213558197,8.81,12.57,14.71
817.6212799549103,8.81,12.48,14.71
818.148051738739,8.72,12.57,14.71
818.675642490387,8.91,12.48,14.71
819.203230381012,8.72,12.48,14.71
819.7308197021484,8.91,12.48,14.62
820.2574117183685,8.91,12.57,14.71
820.7850003242493,8.91,12.48,14.71
821.3125894069672,8.91,12.57,14.71
821.8401789665222,8.81,12.48,14.71
822.3677670955658,8.91,12.57,14.62
822.8943588733673,8.81,12.48,14.62
823.4219496250153,8.81,12.57,14.62
823.9495368003845,8.91,12.48,14.62
824.477126121521,8.91,12.39,14.62
825.0047161579132,8.81,12.57,14.62
825.5313093662262,8.81,12.57,14.62
826.0588958263397,8.81,12.48,14.62
826.5864872932434,8.91,12.57,14.53
827.1140747070312,8.81,12.57,14.62
827.6416618824005,8.91,12.57,14.53
828.169251203537,9.0,12.57,14.53
828.6958436965942,9.0,12.57,14.53
829.2234325408936,9.0,12.66,14.62
829.7510213851929,9.0,12.57,14.62
830.2786104679108,9.0,12.66,14.62
830.8052008152008,9.0,12.57,14.53
831.3327906131744,9.0,12.57,14.53
831.8603799343109,9.0,12.57,14.53
832.3879683017731,9.0,12.57,14.53
832.915557384491,8.91,12.57,14.53
833.443146944046,8.91,12.57,14.53
833.9697382450104,8.91,12.48,14.53
834.497328042984,8.91,12.48,14.45
835.0259158611298,8.81,12.48,14.45
835.5525050163269,8.91,12.48,14.45
836.0790982246399,8.91,12.48,14.45
836.606686592102,8.91,12.48,14.45
837.13427567482,8.91,12.57,14.53
837.6618649959564,8.81,12.57,14.53
838.1894533634186,8.91,12.48,14.53
838.7160449028015,8.91,12.57,14.53
839.2436330318451,8.91,12.57,14.53
839.7712228298187,8.91,12.57,14.53
840.2988131046295,8.91,12.57,14.53
840.8264009952545,8.91,12.57,14.53
841.3529925346375,9.0,12.48,14.45
841.8805825710297,9.0,12.48,14.53
842.4081709384918,8.91,12.57,14.53
842.9357597827911,8.91,12.57,14.53
843.463348865509,8.91,12.57,14.45
843.9909377098083,8.91,12.48,14.53
844.5175302028656,8.91,12.48,14.45
845.0451180934906,8.81,12.57,14.45
845.5727078914642,8.91,12.57,14.36
846.1002967357635,8.91,12.48,14.36
846.6268885135651,8.81,12.57,14.36
847.1545648574829,8.81,12.39,14.45
847.6820666790009,8.91,12.48,14.36
848.209655046463,8.81,12.48,14.36
848.7372438907623,8.72,12.48,14.45
849.2648327350616,8.81,12.39,14.36
849.7914245128632,8.81,12.48,14.36
850.3190138339996,8.72,12.48,14.36
850.8466033935547,8.72,12.48,14.36
851.3741919994354,8.81,12.39,14.36
851.9017808437347,8.81,12.39,14.36
852.4283735752106,8.81,12.39,14.36
852.9559621810913,8.72,12.39,14.36
853.4835503101349,8.81,12.57,14.27
854.0111401081085,8.81,12.39,14.27
854.5377309322357,8.81,12.39,14.27
855.0653192996979,8.81,12.39,14.27
855.5929090976715,8.81,12.39,14.27
856.120498418808,8.72,12.39,14.27
856.6480872631073,8.72,12.39,14.36
857.1746802330017,8.63,12.39,14.36
857.7022669315338,8.72,12.39,14.36
858.229856967926,8.72,12.39,14.36
858.7574467658997,8.72,12.39,14.36
859.2850339412689,8.72,12.39,14.45
859.8126249313354,8.81,12.39,14.36
860.3392179012299,8.63,12.48,14.36
860.8668055534363,8.72,12.39,14.36
861.3943946361542,8.72,12.39,14.36
861.9219834804535,8.72,12.39,14.27
862.4485740661621,8.72,12.39,14.36
862.9761626720428,8.72,12.39,14.36
863.5037524700165,8.72,12.39,14.36
864.031341791153,8.72,12.3,14.36
864.5589299201965,8.63,12.39,14.36
865.0855219364166,8.72,12.3,14.36
865.6131107807159,8.63,12.3,14.36
866.1407010555267,8.72,12.39,14.36
866.6682894229889,8.72,12.3,14.36
867.1958355903625,8.81,12.3,14.36
867.7224254608154,8.72,12.3,14.36
868.2500147819519,8.72,12.39,14.36
868.7776045799255,8.81,12.3,14.36
869.3051931858063,8.63,12.3,14.36
869.8327832221985,8.72,12.3,14.36
870.3603715896606,8.72,12.3,14.36
870.8865883350372,8.72,12.3,14.27
871.4141809940338,8.63,12.3,14.36
871.9417695999146,8.72,12.3,14.27
872.4693593978882,8.63,12.3,14.36
872.9969472885132,8.72,12.3,14.27
873.5245368480682,8.63,12.3,14.27
874.0511291027069,8.63,12.3,14.27
874.5787167549133,8.72,12.3,14.27
875.1063060760498,8.72,12.3,14.45
875.633896112442,8.63,12.21,14.36
876.1614847183228,8.72,12.3,14.27
876.6890730857849,8.63,12.3,14.27
877.2156653404236,8.63,12.3,14.36
877.7432546615601,8.72,12.3,14.27
878.2708435058594,8.72,12.3,14.27
878.7984335422516,8.63,12.3,14.27
879.3250250816345,8.63,12.3,14.27
879.8526132106781,8.63,12.39,14.18
880.3802027702332,8.63,12.3,14.27
880.9077911376953,8.53,12.21,14.27
881.4353792667389,8.63,12.3,14.27
881.961971282959,8.63,12.21,14.36
882.4895610809326,8.63,12.3,14.27
883.0171499252319,8.72,12.3,14.27
883.5447390079498,8.63,12.3,14.36
884.0723283290863,8.63,12.3,14.27
884.5999171733856,8.63,12.3,14.27
885.1265070438385,8.63,12.3,14.27
885.6540970802307,8.53,12.3,14.36
886.1816868782043,8.53,12.21,14.27
886.7092750072479,8.53,12.21,14.27
887.2358672618866,8.53,12.21,14.27
887.7634563446045,8.53,12.21,14.27
888.291045665741,8.53,12.21,14.27
888.8186342716217,8.44,12.21,14.27
889.3462228775024,8.63,12.12,14.27
889.8728156089783,8.53,12.12,14.18
890.4004051685333,8.53,12.21,14.27
890.9279923439026,8.63,12.21,14.27
891.4555819034576,8.63,12.21,14.27
891.9831714630127,8.53,12.21,14.27
892.509762763977,8.44,12.12,14.27
893.037353515625,8.53,12.21,14.18
893.56494140625,8.53,12.21,14.18
894.0925295352936,8.53,12.21,14.18
894.6201205253601,8.53,12.21,14.18
895.1477084159851,8.53,12.21,14.18
895.6743009090424,8.44,12.12,14.27
896.201887845993,8.44,12.21,14.27
896.7294776439667,8.53,12.12,14.18
897.2570669651031,8.53,12.21,14.18
897.7846565246582,8.53,12.21,14.18
898.3112463951111,8.44,12.21,14.27
898.8388366699219,8.44,12.21,14.27
899.366425037384,8.44,12.21,14.27
899.8940148353577,8.44,12.21,14.27
900.4206063747406,8.44,12.12,14.27
900.9481949806213,8.53,12.12,14.18
901.4757840633392,8.44,12.12,14.09
902.0033731460571,8.44,12.12,14.18
902.5309624671936,8.44,12.12,14.09
903.0575532913208,8.44,12.12,14.18
903.5851426124573,8.44,12.12,14.09
904.112731218338,8.53,12.03,14.18
904.6403205394745,8.44,12.12,14.09
905.1679096221924,8.44,12.12,14.09
905.695497751236,8.35,12.12,14.09
906.2220900058746,8.35,12.12,14.09
906.7496781349182,8.44,12.12,14.09
907.277268409729,8.44,12.12,14.09
907.8048577308655,8.35,12.12,14.18
908.332448720932,8.35,12.21,14.09
908.859037399292,8.44,12.21,14.09
909.3866264820099,8.44,12.12,14.18
909.9142169952393,8.44,12.12,14.09
910.4418048858643,8.35,12.12,14.18
910.969395160675,8.35,12.12,14.09
911.4959859848022,8.35,12.12,14.09
912.0235750675201,8.35,12.12,14.18
912.5511627197266,8.35,12.12,14.09
913.0787522792816,8.35,12.03,14.18
913.6063430309296,8.44,12.03,14.09
914.132933139801,8.35,12.12,14.18
914.6605226993561,8.35,12.12,14.09
915.1881115436554,8.35,12.12,14.09
