Temps,T1,T2,T3,Consigne,Commande
0,24.9886274029978,24.9955172805196,24.9981890265549,30,0.353272727272727
3.15544362088405e-30,24.9886274029978,24.9955172805196,24.9981890265549,30,0.353272727272727
4.34302412691173e-05,24.9886274029978,24.9955172805196,24.9981890265549,30,0.353272727272727
0.000260581447614704,24.9886274029978,24.9955172805196,24.9981890265549,30,0.353272727272727
0.00134633747934264,24.9886274029978,24.9955172805196,24.9981890265549,30,0.353272727272727
0.0067751176379823,24.9886274029978,24.9955172805196,24.9981890265549,30,0.353272727272727
0.0339190184311806,24.9886274029978,24.9955172805196,24.9981890265549,30,0.353272727272727
0.153724667530171,24.9886274029978,24.9955172805196,24.9981890265549,30,0.353272727272727
0.273424131380786,24.9886274029978,24.9955172805196,24.9981890265549,30,0.353272727272727
0.394568026668076,24.9886274029978,24.9955172805196,24.9981890265549,30,0.353272727272727
0.517164791359811,24.9886274029978,24.9955172805196,24.9981890265549,30,0.353272727272727
0.641250053331652,25.0256664735711,24.9955172805196,24.9981890265549,30,0.353272727272727
0.766859906592378,25.0256664735711,24.9955172805196,24.9981890265549,30,0.353272727272727
0.894032005479745,25.0256664735711,24.9955172805196,24.9981890265549,30,0.353272727272727
1.03522708390995,25.0256664735711,24.9955172805196,24.9981890265549,30,0.353272727272727
1.19201782627865,25.0256664735711,24.9955172805196,24.9981890265549,30,0.353272727272727
1.36394577713251,25.0256664735711,24.9955172805196,24.9981890265549,30,0.353272727272727
1.55088979845449,25.0256664735711,24.9955172805196,24.9981890265549,30,0.353272727272727
1.75292281510747,25.0256664735711,24.9955172805196,24.9981890265549,30,0.353272727272727
1.97026738687581,25.0627135595436,24.9955172805196,24.9981890265549,30,0.353272727272727
2.20327390462947,25.0627135595436,24.9955172805196,24.9981890265549,30,0.353272727272727
2.45241161306743,25.0627135595436,24.9955172805196,24.9981890265549,30,0.353272727272727
2.71826721408633,25.0997687124847,24.9955172805196,24.9981890265549,30,0.353272727272727
3.00154894558242,25.0997687124847,24.9955172805196,24.9981890265549,30,0.353272727272727
3.30309517809097,25.1368319840075,24.9955172805196,24.9981890265549,30,0.353272727272727
3.62388702181426,25.1368319840075,24.9955172805196,24.9981890265549,30,0.353272727272727
3.96506544359193,25.1739034257697,24.9955172805196,24.9981890265549,30,0.353272727272727
4.32795329921176,25.2109830894736,24.9955172805196,24.9981890265549,30,0.353272727272727
4.70635305616594,25.2109830894736,24.9955172805196,24.9981890265549,30,0.353272727272727
5,25.2480710268674,24.9955172805196,24.9981890265549,30,0.365213012587574
5.06141616595299,25.2480710268674,24.9955172805196,24.9981890265549,30,0.365213012587574
5.12283233190599,25.2480710268674,24.9955172805196,24.9981890265549,30,0.365213012587574
5.19045864903368,25.2480710268674,24.9955172805196,24.9981890265549,30,0.365213012587574
5.25808496616137,25.2851672897444,24.9955172805196,24.9981890265549,30,0.365213012587574
5.34681038378715,25.2851672897444,24.9955172805196,24.9981890265549,30,0.365213012587574
5.43553580141293,25.2851672897444,24.9955172805196,24.9981890265549,30,0.365213012587574
5.52368823842747,25.2851672897444,24.9955172805196,24.9981890265549,30,0.365213012587574
5.59676535497777,25.2851672897444,24.9955172805196,24.9981890265549,30,0.365213012587574
5.70368036346675,25.3222719299445,24.9955172805196,24.9981890265549,30,0.365213012587574
5.81059537195572,25.3222719299445,24.9955172805196,24.9981890265549,30,0.365213012587574
5.92701233919648,25.3222719299445,24.9955172805196,24.9981890265549,30,0.365213012587574
6.04129164867474,25.3222719299445,24.9955172805196,24.9981890265549,30,0.365213012587574
6.15694559005724,25.3222719299445,24.9955172805196,24.9981890265549,30,0.365213012587574
6.51927252723181,25.3593849993537,24.9955172805196,24.9981890265549,30,0.365213012587574
6.64472737282198,25.3965065499055,24.9955172805196,24.9981890265549,30,0.365213012587574
6.77018221841215,25.3965065499055,24.9955172805196,24.9981890265549,30,0.365213012587574
6.90886604307431,25.3965065499055,24.9955172805196,24.9981890265549,30,0.365213012587574
7.2161638686831,25.4336366335804,24.9955172805196,24.9981890265549,30,0.365213012587574
7.52346169429189,25.4336366335804,24.9955172805196,24.9981890265549,30,0.365213012587574
7.78290922447851,25.470775302407,24.9955172805196,24.9981890265549,30,0.365213012587574
8.02603661604455,25.5079226084623,24.9955172805196,24.9981890265549,30,0.365213012587574
8.24004462372758,25.5079226084623,24.9955172805196,24.9981890265549,30,0.365213012587574
8.68698924598599,25.5450786038716,24.9955172805196,24.9981890265549,30,0.365213012587574
9.04741279934187,25.5822433408098,24.9955172805196,24.9981890265549,30,0.365213012587574
9.37068209027608,25.6194168715011,24.9955172805196,24.9981890265549,30,0.365213012587574
9.67303358675906,25.6194168715011,24.9955172805196,24.9981890265549,30,0.365213012587574
10,25.6565992482199,24.9955172805196,24.9981890265549,30,0.377153297902421
10.4733542332962,25.6937905232909,24.9955172805196,24.9981890265549,30,0.377153297902421
10.9577935054983,25.7309907490896,24.9955172805196,24.9981890265549,30,0.377153297902421
11.4659407133082,25.7681999780434,24.9955172805196,24.9981890265549,30,0.377153297902421
11.9699899870608,25.8054182626306,25.0239386914719,24.9981890265549,30,0.377153297902421
12.4676772164177,25.8798822088823,25.0239386914719,24.9981890265549,30,0.377153297902421
13.1087497281555,25.917127975767,25.0239386914719,24.9981890265549,30,0.377153297902421
13.7443134515221,25.9543830087267,25.0239386914719,24.9981890265549,30,0.377153297902421
14.2824035084817,26.0289210839017,25.0239386914719,24.9981890265549,30,0.377153297902421
15,26.066204231769,25.0523648203691,24.9981890265549,30,0.389093583217267
15.6705125746996,26.140799012607,25.0523648203691,24.9981890265549,30,0.389093583217267
16.3410251493993,26.1781107515627,25.0523648203691,24.9981890265549,30,0.389093583217267
17.0699000904621,26.2527631919338,25.0807956905063,24.9981890265549,30,0.389093583217267
17.7470298276939,26.2901039996754,25.0807956905063,24.9981890265549,30,0.389093583217267
18.5187945546842,26.3648150565198,25.109231325194,24.9981890265549,30,0.389093583217267
19.448520794645,26.4395657241954,25.109231325194,24.9981890265549,30,0.389093583217267
20,26.4769560456984,25.1376717477581,24.9981890265549,30,0.401341141498161
20.1245783112517,26.5143564303534,25.1376717477581,24.9981890265549,30,0.401341141498161
20.1590060471076,26.5143564303534,25.1376717477581,24.9981890265549,30,0.401341141498161
20.1825097009766,26.5143564303534,25.1376717477581,24.9981890265549,30,0.401341141498161
20.2060133548457,26.5143564303534,25.1376717477581,24.9981890265549,30,0.401341141498161
20.2325778909996,26.5143564303534,25.1376717477581,24.9981890265549,30,0.401341141498161
20.2855280084289,26.5143564303534,25.1376717477581,24.9981890265549,30,0.401341141498161
20.3384781258581,26.5143564303534,25.1376717477581,24.9981890265549,30,0.401341141498161
20.3690093868932,26.5143564303534,25.1376717477581,24.9981890265549,30,0.401341141498161
20.3995406479282,26.5143564303534,25.1376717477581,24.9981890265549,30,0.401341141498161
20.436186186645,26.5143564303534,25.1376717477581,24.9981890265549,30,0.401341141498161
20.4728317253619,26.5517669317674,25.1376717477581,24.9981890265549,30,0.401341141498161
20.5110436336622,26.5517669317674,25.1376717477581,24.9981890265549,30,0.401341141498161
20.5492555419625,26.5517669317674,25.1376717477581,24.9981890265549,30,0.401341141498161
20.5831348215294,26.5517669317674,25.1376717477581,24.9981890265549,30,0.401341141498161
20.6148956082377,26.5517669317674,25.1376717477581,24.9981890265549,30,0.401341141498161
20.6466563949459,26.5517669317674,25.1376717477581,24.9981890265549,30,0.401341141498161
20.6876715159788,26.5517669317674,25.1376717477581,24.9981890265549,30,0.401341141498161
20.7286866370117,26.5517669317674,25.1376717477581,24.9981890265549,30,0.401341141498161
20.7700594738915,26.5517669317674,25.1376717477581,24.9981890265549,30,0.401341141498161
20.8054351956964,26.5517669317674,25.1376717477581,24.9981890265549,30,0.401341141498161
20.8408109175014,26.5517669317674,25.1376717477581,24.9981890265549,30,0.401341141498161
20.8738970415281,26.5517669317674,25.1376717477581,24.9981890265549,30,0.401341141498161
20.9115396940756,26.5891876036085,25.1376717477581,24.9981890265549,30,0.401341141498161
20.9491823466231,26.5891876036085,25.1376717477581,24.9981890265549,30,0.401341141498161
20.9972110539997,26.5891876036085,25.1376717477581,24.9981890265549,30,0.401341141498161
21.0322952171075,26.5891876036085,25.1376717477581,24.9981890265549,30,0.401341141498161
21.0673793802153,26.5891876036085,25.1376717477581,24.9981890265549,30,0.401341141498161
21.0966669453662,26.5891876036085,25.1661169815398,24.9981890265549,30,0.401341141498161
21.1463017597383,26.5891876036085,25.1661169815398,24.9981890265549,30,0.401341141498161
21.1624852871791,26.5891876036085,25.1661169815398,24.9981890265549,30,0.401341141498161
21.1786688146199,26.5891876036085,25.1661169815398,24.9981890265549,30,0.401341141498161
21.259586451824,26.5891876036085,25.1661169815398,24.9981890265549,30,0.401341141498161
21.3484445424459,26.5891876036085,25.1661169815398,24.9981890265549,30,0.401341141498161
21.4373026330679,26.6266184996069,25.1661169815398,24.9981890265549,30,0.401341141498161
21.4842330166405,26.6266184996069,25.1661169815398,24.9981890265549,30,0.401341141498161
21.5085408739967,26.6266184996069,25.1661169815398,24.9981890265549,30,0.401341141498161
21.5328487313529,26.6266184996069,25.1661169815398,24.9981890265549,30,0.401341141498161
21.5616121055048,26.6266184996069,25.1661169815398,24.9981890265549,30,0.401341141498161
21.6288042255677,26.6266184996069,25.1661169815398,24.9981890265549,30,0.401341141498161
21.6755710757138,26.6266184996069,25.1661169815398,24.9981890265549,30,0.401341141498161
21.7223379258599,26.6266184996069,25.1661169815398,24.9981890265549,30,0.401341141498161
21.7599684636945,26.6266184996069,25.1661169815398,24.9981890265549,30,0.401341141498161
21.7975990015291,26.6640596735543,25.1661169815398,24.9981890265549,30,0.401341141498161
21.8304806353455,26.6640596735543,25.1661169815398,24.9981890265549,30,0.401341141498161
21.8741852650125,26.6640596735543,25.1661169815398,24.9981890265549,30,0.401341141498161
21.9006016616945,26.6640596735543,25.1661169815398,24.9981890265549,30,0.401341141498161
21.9270180583765,26.6640596735543,25.1661169815398,24.9981890265549,30,0.401341141498161
21.95202740521,26.6640596735543,25.1661169815398,24.9981890265549,30,0.401341141498161
22.0770741393774,26.6640596735543,25.1661169815398,24.9981890265549,30,0.401341141498161
22.1811030904593,26.6640596735543,25.1661169815398,24.9981890265549,30,0.401341141498161
22.2123236411211,26.6640596735543,25.1661169815398,24.9981890265549,30,0.401341141498161
22.2435441917829,26.7015111793052,25.1661169815398,24.9981890265549,30,0.401341141498161
22.2767296195344,26.7015111793052,25.1661169815398,24.9981890265549,30,0.401341141498161
22.4426567582915,26.7015111793052,25.1945670498959,24.9981890265549,30,0.401341141498161
22.5026581671119,26.7015111793052,25.1945670498959,24.9981890265549,30,0.401341141498161
22.5626595759322,26.7015111793052,25.1945670498959,24.9981890265549,30,0.401341141498161
22.6125584237571,26.7015111793052,25.1945670498959,24.9981890265549,30,0.401341141498161
22.7128599611417,26.738973070777,25.1945670498959,24.9981890265549,30,0.401341141498161
22.7695099787268,26.738973070777,25.1945670498959,24.9981890265549,30,0.401341141498161
22.8261599963119,26.738973070777,25.1945670498959,24.9981890265549,30,0.401341141498161
22.8759717602939,26.738973070777,25.1945670498959,24.9981890265549,30,0.401341141498161
22.9916353118972,26.738973070777,25.1945670498959,24.9981890265549,30,0.401341141498161
23.0706299094548,26.738973070777,25.1945670498959,24.9981890265549,30,0.401341141498161
23.1496245070123,26.7764454019505,25.1945670498959,24.9981890265549,30,0.401341141498161
23.23871836209,26.7764454019505,25.1945670498959,24.9981890265549,30,0.401341141498161
23.3278122171678,26.7764454019505,25.1945670498959,24.9981890265549,30,0.401341141498161
23.4466826917955,26.7764454019505,25.1945670498959,24.9981890265549,30,0.401341141498161
23.602478210485,26.8139282268704,25.2230219761988,24.9981890265549,30,0.401341141498161
23.6495089984308,26.8139282268704,25.2230219761988,24.9981890265549,30,0.401341141498161
23.6856931563497,26.8139282268704,25.2230219761988,24.9981890265549,30,0.401341141498161
23.7218773142686,26.8139282268704,25.2230219761988,24.9981890265549,30,0.401341141498161
23.7813163202825,26.8139282268704,25.2230219761988,24.9981890265549,30,0.401341141498161
23.8906586999649,26.8139282268704,25.2230219761988,24.9981890265549,30,0.401341141498161
24.0000010796473,26.8139282268704,25.2230219761988,24.9981890265549,30,0.401341141498161
24.0359969653789,26.8514215996461,25.2230219761988,24.9981890265549,30,0.401341141498161
24.0719928511105,26.8514215996461,25.2230219761988,24.9981890265549,30,0.401341141498161
24.115553902713,26.8514215996461,25.2230219761988,24.9981890265549,30,0.401341141498161
24.3333591607253,26.8514215996461,25.2230219761988,24.9981890265549,30,0.401341141498161
24.4157353314829,26.8514215996461,25.2230219761988,24.9981890265549,30,0.401341141498161
24.4981115022406,26.8889255744514,25.2230219761988,24.9981890265549,30,0.401341141498161
24.6036449101486,26.8889255744514,25.2230219761988,24.9981890265549,30,0.401341141498161
24.642845949471,26.8889255744514,25.2230219761988,24.9981890265549,30,0.401341141498161
24.6820469887935,26.8889255744514,25.2514817838369,24.9981890265549,30,0.401341141498161
24.7218970834035,26.8889255744514,25.2514817838369,24.9981890265549,30,0.401341141498161
24.9211475564534,26.9264402055256,25.2514817838369,24.9981890265549,30,0.401341141498161
25,26.9264402055256,25.2514817838369,24.9981890265549,30,0.413319429542186
25.3942622177328,26.9639655471738,25.2514817838369,24.9981890265549,30,0.413319429542186
25.4495167272674,26.9639655471738,25.2514817838369,24.9981890265549,30,0.413319429542186
25.504771236802,26.9639655471738,25.2514817838369,24.9981890265549,30,0.413319429542186
25.6046770820241,26.9639655471738,25.2514817838369,24.9981890265549,30,0.413319429542186
25.7556881649224,26.9639655471738,25.2799464962141,24.9981890265549,30,0.413319429542186
25.9066992478207,27.0015016537673,25.2799464962141,24.9981890265549,30,0.413319429542186
26.0366636126415,27.0015016537673,25.2799464962141,24.9981890265549,30,0.413319429542186
26.1666279774623,27.0015016537673,25.2799464962141,24.9981890265549,30,0.413319429542186
26.3428885767696,27.039048579744,25.2799464962141,24.9981890265549,30,0.413319429542186
26.4558126171842,27.039048579744,25.2799464962141,24.9981890265549,30,0.413319429542186
26.5687366575988,27.039048579744,25.2799464962141,24.9981890265549,30,0.413319429542186
26.6992071628947,27.0766063796092,25.2799464962141,24.9981890265549,30,0.413319429542186
26.8938390234582,27.0766063796092,25.3084161367509,24.9981890265549,30,0.413319429542186
27.0884708840218,27.0766063796092,25.3084161367509,24.9981890265549,30,0.413319429542186
27.2885041132928,27.1141751079356,25.3084161367509,24.9981890265549,30,0.413319429542186
27.4348053051875,27.1141751079356,25.3084161367509,24.9981890265549,30,0.413319429542186
27.5811064970823,27.1517548193644,25.3084161367509,24.9981890265549,30,0.413319429542186
27.7164514870197,27.1517548193644,25.3084161367509,24.9981890265549,30,0.413319429542186
28.1085409978253,27.1893455686049,25.3368907288832,24.9981890265549,30,0.413319429542186
28.502018308227,27.226947410436,25.3368907288832,24.9981890265549,30,0.413319429542186
28.7268802737143,27.226947410436,25.3653702960638,24.9981890265549,30,0.413319429542186
28.9517422392015,27.2645603997057,25.3653702960638,24.9981890265549,30,0.413319429542186
29.1909215637324,27.2645603997057,25.3653702960638,24.9981890265549,30,0.413319429542186
29.3322381774764,27.2645603997057,25.3653702960638,24.9981890265549,30,0.413319429542186
29.4735547912204,27.3021845913322,25.3653702960638,24.9981890265549,30,0.413319429542186
29.8656990407714,27.3398200403043,25.3938548617614,24.9981890265549,30,0.413319429542186
30,27.3398200403043,25.3938548617614,24.9981890265549,30,0.425251104738971
30.4147659990849,27.3774668016819,25.3938548617614,25.0173963062084,30,0.425251104738971
30.652031249816,27.3774668016819,25.4223444494615,25.0173963062084,30,0.425251104738971
30.889296500547,27.4151249305959,25.4223444494615,25.0173963062084,30,0.425251104738971
31.1567958296768,27.4151249305959,25.4223444494615,25.0173963062084,30,0.425251104738971
31.5565278937537,27.4527944822496,25.4508390826659,25.0173963062084,30,0.425251104738971
31.906895863291,27.4904755119186,25.4508390826659,25.0173963062084,30,0.425251104738971
32.305305088718,27.5281680749513,25.4793387848933,25.0173963062084,30,0.425251104738971
32.6919109998024,27.5658722267698,25.4793387848933,25.0173963062084,30,0.425251104738971
33.0052184113775,27.6035880228699,25.4793387848933,25.0173963062084,30,0.425251104738971
33.3185258229526,27.6035880228699,25.5078435796792,25.0366057381943,30,0.425251104738971
33.7462169987833,27.6413155188218,25.5078435796792,25.0366057381943,30,0.425251104738971
34.1247692049142,27.6790547702706,25.5363534905757,25.0366057381943,30,0.425251104738971
34.4172773670279,27.7168058329366,25.5363534905757,25.0366057381943,30,0.425251104738971
34.7097855291417,27.7168058329366,25.5648685411523,25.0366057381943,30,0.425251104738971
35,27.7545687626164,25.5648685411523,25.0366057381943,30,0.433286380225753
35.4870316962,27.7923436151827,25.5933887549956,25.0558173297013,30,0.433286380225753
35.9726102632899,27.8301304465849,25.5933887549956,25.0558173297013,30,0.433286380225753
36.4952193065773,27.86792931285,25.6219141557094,25.0558173297013,30,0.433286380225753
37.0257262854777,27.9057402700828,25.6504447669148,25.0558173297013,30,0.433286380225753
37.555191841451,27.9435633744664,25.6504447669148,25.0750310879208,30,0.433286380225753
38.1093224703941,28.0192462498134,25.6789806122506,25.0750310879208,30,0.433286380225753
38.6635273637184,28.0571061335393,25.7075217153731,25.0942470200476,30,0.433286380225753
39.1613843371811,28.0949783899422,25.7075217153731,25.0942470200476,30,0.433286380225753
39.6696019573109,28.1328630756045,25.7360680999563,25.0942470200476,30,0.433286380225753
40,28.1707602471901,25.7646197896921,25.1134651332797,30,0.438895396283353
40.4131575329344,28.2086699614447,25.7646197896921,25.1134651332797,30,0.438895396283353
40.8440152826196,28.2086699614447,25.7931768082904,25.1134651332797,30,0.438895396283353
41.3083824008372,28.2465922751966,25.8217391794792,25.132685434818,30,0.438895396283353
41.8426365265107,28.3224749289197,25.8217391794792,25.132685434818,30,0.438895396283353
42.4077348412391,28.360435382964,25.8503069270045,25.1519079318671,30,0.438895396283353
42.9647448397046,28.3984086646525,25.8788800746308,25.1519079318671,30,0.438895396283353
43.6755550936555,28.4363948312334,25.907458646141,25.1711326316346,30,0.438895396283353
44.3119052834631,28.5124060484918,25.9360426653366,25.1711326316346,30,0.438895396283353
45,28.550431214095,25.9646321560376,25.1903595413311,30,0.442423469496299
45.6799045757946,28.5884694944426,25.9932271420829,25.209588668171,30,0.442423469496299
46.3247699274413,28.6645856301827,26.0218276473304,25.2288200193715,30,0.442423469496299
46.9493409961052,28.7026636012017,26.0504336956568,25.2288200193715,30,0.442423469496299
47.486990678656,28.7407549182194,26.079045310958,25.2480536021535,30,0.442423469496299
48.0477384896299,28.7788596392723,26.1076625171493,25.267289423741,30,0.442423469496299
48.5720805400095,28.8169778224873,26.1362853381652,25.267289423741,30,0.442423469496299
49.2593888074417,28.8932548083657,26.1649137979598,25.2865274913614,30,0.442423469496299
50,28.931413727739,26.1935479205068,25.3057678122453,30,0.443915253895727
50.8981742994039,29.0077727118211,26.2221877297995,25.325010393627,30,0.443915253895727
51.6551079555172,29.0459728937963,26.2794845046955,25.3442552427438,30,0.443915253895727
52.3228556468516,29.1224149314853,26.3081415183852,25.3635023668367,30,0.443915253895727
53.0715369567808,29.1606569050315,26.3368043149939,25.38275177315,30,0.443915253895727
53.9307213705782,29.2371830568252,26.3654729186157,25.4020034689315,30,0.443915253895727
54.7374693354739,29.2754673534815,26.4228276433759,25.440513757907,30,0.443915253895727
55,29.3137658764115,26.4228276433759,25.440513757907,30,0.443334755752278
55.8971002465368,29.3520786850633,26.4802058858276,25.4597723656137,30,0.443334755752278
56.7266274979224,29.4287473978179,26.5089038866419,25.4982965437737,30,0.443334755752278
57.6035615253318,29.5054739693104,26.5376078394659,25.5175621287607,30,0.443334755752278
58.4320131310172,29.5438591017606,26.5950336981226,25.5368300540474,30,0.443334755752278
59.3834733530271,29.6206733603078,26.6524836559701,25.5753729546271,30,0.443334755752278
60,29.6591026068068,26.6812177328635,25.5946479444822,30,0.440623751310425
60.9589738775817,29.7360056360328,26.7099579075257,25.6332050397561,30,0.440623751310425
61.8213345141065,29.774479539782,26.7674566476551,25.6524871597589,30,0.440623751310425
62.8450248535704,29.8514724288939,26.8249800715766,25.6910585809837,30,0.440623751310425
63.9692930532601,29.9285258325117,26.8537511010624,25.7296396258603,30,0.440623751310425
65,30.0056402389547,26.9113119174869,25.7682303528725,30,0.437677150434343
65.9574902174907,30.0442204713067,26.9688979073172,25.8068308205637,30,0.437677150434343
66.9149804349814,30.1214273013649,27.0265092670362,25.8261347254752,30,0.437677150434343
67.8740128185201,30.1600540222377,27.0553245221063,25.8647499140859,30,0.437677150434343
68.99823924875,30.2373543844173,27.1129743058758,25.9033749899996,30,0.437677150434343
70,30.3147177201403,27.170649952371,25.9420100119735,30,0.432715541902356
71.0464294903012,30.3534231583648,27.2283516593891,25.9806550388267,30,0.432715541902356
72.1057815180781,30.4308818871017,27.2860796251114,26.0386414670776,30,0.432715541902356
73.203800356812,30.508404835645,27.3438340481079,26.0773117638776,30,0.432715541902356
74.4223970801757,30.547190549061,27.4016151273414,26.1159922719227,30,0.432715541902356
75,30.5859925057223,27.4305157253311,26.1353363736303,30,0.427339656542875
76.2949207328635,30.6636454009338,27.4883371628438,26.1933841582376,30,0.427339656542875
77.4125992362938,30.741364026771,27.5461857557447,26.2320956549156,30,0.427339656542875
78.6878129488297,30.819148890638,27.604061704403,26.2901825086003,30,0.427339656542875
80,30.8580663209243,27.690927358756,26.3482930708716,30,0.419764712687342
81.0590842147231,30.9359514974518,27.7488725761319,26.3870467162892,30,0.419764712687342
82.1181684294462,30.9749193717614,27.7778556948073,26.4451972392044,30,0.419764712687342
83.3152113142613,31.0529060135725,27.8358430784742,26.4839777113446,30,0.419764712687342
84.6347918957656,31.0919249098886,27.9228773995922,26.5421687542172,30,0.419764712687342
85,31.1309609425643,27.9228773995922,26.5615712209977,30,0.41360991904967
86.1149340766771,31.1700141763224,27.9809360734701,26.6003843782162,30,0.41360991904967
87.2298681533541,31.2481725066137,28.0390236192717,26.6586247856453,30,0.41360991904967
88.4997691371425,31.2872777332318,28.097140240996,26.6974655925711,30,0.41360991904967
90,31.3655406355941,28.1843701382864,26.7751807618322,30,0.40539261825474
91.0770834956607,31.4046984422014,28.2425603452577,26.8140552446692,30,0.40539261825474
92.1541669913213,31.4438739065535,28.2716666084274,26.8723882614253,30,0.40539261825474
93.3734042605859,31.4830670944107,28.3299015828405,26.9112912224285,30,0.40539261825474
94.7208258513857,31.5615069043469,28.3881666599662,26.9696672400588,30,0.40539261825474
95,31.5615069043469,28.4173105516365,26.9891316965541,30,0.396484238699952
96.0361967743057,31.6007536586134,28.4756211706311,27.0280693310082,30,0.396484238699952
97.0723935486113,31.6400184007614,28.5047879498202,27.0670186447396,30,0.396484238699952
98.2362866180614,31.6793011972225,28.5631445774692,27.1254646471343,30,0.396484238699952
99.5197639766654,31.7579212194906,28.6215321376812,27.1839372705909,30,0.396484238699952
100,31.7579212194906,28.6507375826881,27.2034340964851,30,0.387113204534847
101.106123034544,31.7972585788444,28.709171933152,27.2424367212469,30,0.387113204534847
102.096306690594,31.8366142596062,28.7384008909607,27.3009632056466,30,0.387113204534847
103.207206011591,31.8759883288955,28.796882502845,27.3399959828428,30,0.387113204534847
104.427945927099,31.9153808539721,28.8553958849346,27.3985679835886,30,0.387113204534847
105,31.9153808539721,28.8553958849346,27.4180981039154,30,0.379259962364154
106.017677934293,31.954791902236,28.9139412478917,27.4571675708859,30,0.379259962364154
107.035355868585,31.9942215412286,28.9432259881667,27.4962493910145,30,0.379259962364154
108.184497820144,32.0336698386333,29.0018197185326,27.5548954184956,30,0.379259962364154
109.450217579972,32.0731368622762,29.0604459586616,27.5940083918924,30,0.379259962364154
110,32.0731368622762,29.0897713362626,27.6331339349699,30,0.369157414242572
111.186044760015,32.1126226801269,29.1191049210202,27.6722721097854,30,0.369157414242572
112.186576894446,32.1126226801269,29.1777968186008,27.7114229784829,30,0.369157414242572
113.206098840449,32.1521273602992,29.2071551848046,27.7505866032942,30,0.369157414242572
114.459021122072,32.1916509710516,29.265896885742,27.8093560945745,30,0.369157414242572
115,32.1916509710516,29.265896885742,27.8289523706281,30,0.360212523266966
116.216819491366,32.2311935807887,29.3246720567154,27.8877606450816,30,0.360212523266966
117.220139914657,32.2311935807887,29.3540722605915,27.9269824449058,30,0.360212523266966
118.276200910147,32.2707552580611,29.4128980396731,27.9662173447128,30,0.360212523266966
119.41130166394,32.2707552580611,29.4423236688019,28.0054654073193,30,0.360212523266966
120,32.3103360715667,29.4717578269962,28.0250943943276,30,0.350968025104381
121.01475032262,32.3103360715667,29.5012005413042,28.0643623191154,30,0.350968025104381
122.029500645239,32.3103360715667,29.5306518388094,28.1036435641479,30,0.350968025104381
123.176703139134,32.3499360901515,29.5895802919208,28.1625905453033,30,0.350968025104381
124.440392127568,32.3499360901515,29.6190575018701,28.2019053673984,30,0.350968025104381
125,32.38955538281,29.6485434037029,28.2215678526013,30,0.343157593094951
126.041934819356,32.38955538281,29.6780380246799,28.2609030109743,30,0.343157593094951
127.083869638712,32.38955538281,29.7075413920975,28.3002518062489,30,0.343157593094951
128.26583633266,32.4291940186862,29.7665744756205,28.3396143020445,30,0.343157593094951
129.517457374351,32.4291940186862,29.7961042464996,28.3986838736215,30,0.343157593094951
130,32.4291940186862,29.7961042464996,28.3986838736215,30,0.333006516376927
131.013226690039,32.4291940186862,29.825642873367,28.4380808996941,30,0.333006516376927
132.026453380077,32.468852067074,29.855190383701,28.477491849726,30,0.333006516376927
133.166319412873,32.468852067074,29.9143121648656,28.5169167877796,30,0.333006516376927
134.422024725664,32.468852067074,29.9438864908373,28.5563557780173,30,0.333006516376927
135,32.468852067074,29.9438864908373,28.5760805627836,30,0.326018030382688
136.082656726597,32.468852067074,29.9734698105582,28.6155407518233,30,0.326018030382688
137.165313453193,32.5085295974187,30.0030621516921,28.6550151538963,30,0.326018030382688
138.250375505534,32.5085295974187,30.0326635419407,28.6945038335208,30,0.326018030382688
139.366413480197,32.5085295974187,30.0622740090429,28.7340068553182,30,0.326018030382688
140,32.5085295974187,30.0918935807762,28.7537637647544,30,0.316985792333414
141.240072592608,32.5085295974187,30.1215222849559,28.7932884212033,30,0.316985792333414
142.270676302929,32.5085295974187,30.1511601494354,28.8130561844365,30,0.316985792333414
143.446504264283,32.5085295974187,30.1808072021067,28.8526026215212,30,0.316985792333414
144.685593768442,32.5085295974187,30.2104634709004,28.8921636603076,30,0.316985792333414
145,32.5085295974187,30.2104634709004,28.9119496756932,30,0.309134963349162
146.062727191697,32.5085295974187,30.2401289837858,28.9317393659423,30,0.309134963349162
147.125454383394,32.5085295974187,30.2698037687711,28.9713298036784,30,0.309134963349162
148.191426619618,32.5085295974187,30.2698037687711,28.9911305675056,30,0.309134963349162
149.526240696718,32.5085295974187,30.2994878539034,29.0307432259793,30,0.309134963349162
150,32.5085295974187,30.3291812672692,29.0505551370067,30,0.303030458502507
151.126619921049,32.5085295974187,30.3291812672692,29.0703707801597,30,0.303030458502507
152.253239842098,32.5085295974187,30.3588840369945,29.1100132956797,30,0.303030458502507
153.399299055311,32.5085295974187,30.3885961912446,29.1298401844822,30,0.303030458502507
154.568496217122,32.5085295974187,30.4183177582246,29.1695052653133,30,0.303030458502507
155,32.5085295974187,30.4183177582246,29.1695052653133,30,0.296670808977217
156.102602181221,32.5085295974187,30.4480487661796,29.2091854720479,30,0.296670808977217
157.205204362441,32.5085295974187,30.4480487661796,29.229031268256,30,0.296670808977217
158.453924966199,32.5085295974187,30.4777892433945,29.268734287669,30,0.296670808977217
159.84063064548,32.5085295974187,30.5075392181948,29.2885915274209,30,0.296670808977217
160,32.5085295974187,30.5075392181948,29.3084525982466,30,0.28976544403685
160.796846772601,32.5085295974187,30.5075392181948,29.3084525982466,30,0.28976544403685
161.928780233451,32.468852067074,30.5372987189459,29.3481862662912,30,0.28976544403685
163.139257128126,32.468852067074,30.5372987189459,29.3680588801142,30,0.28976544403685
164.490749804763,32.468852067074,30.5670677740542,29.3879353582187,30,0.28976544403685
165,32.468852067074,30.5670677740542,29.4078157089249,30,0.284392518557482
166.37577659077,32.468852067074,30.5968464119665,29.4276999405598,30,0.284392518557482
167.555241523171,32.4291940186862,30.5968464119665,29.4674800799601,30,0.284392518557482
168.82355348839,32.4291940186862,30.6266346611707,29.4873760044161,30,0.284392518557482
170,32.4291940186862,30.6266346611707,29.5072758431816,30,0.278848749325128
171.374313710119,32.4291940186862,30.6266346611707,29.5271796046203,30,0.278848749325128
172.523838502913,32.38955538281,30.6564325501956,29.5470872971027,30,0.278848749325128
173.812172715066,32.38955538281,30.6564325501956,29.5669989290072,30,0.278848749325128
175,32.38955538281,30.6862401076112,29.5869145087192,30,0.274914148540542
176.375822481294,32.38955538281,30.6862401076112,29.6068340446317,30,0.274914148540542
177.611740094341,32.3499360901515,30.6862401076112,29.6267575451449,30,0.274914148540542
179.0367346527,32.3499360901515,30.7160573620291,29.6466850186667,30,0.274914148540542
180,32.3499360901515,30.7160573620291,29.6666164736122,30,0.270837306634682
181.238151083917,32.3103360715667,30.7160573620291,29.6865519184042,30,0.270837306634682
182.476302167833,32.3103360715667,30.7160573620291,29.706491361473,30,0.270837306634682
183.893678141647,32.3103360715667,30.7458843421023,29.7264348112562,30,0.270837306634682
185,32.2707552580611,30.7458843421023,29.7264348112562,30,0.268408240726088
186.488834768906,32.2707552580611,30.7458843421023,29.7463822761993,30,0.268408240726088
187.894040039932,32.2707552580611,30.7458843421023,29.766333764755,30,0.268408240726088
189.248781218859,32.2311935807887,30.7458843421023,29.7862892853838,30,0.268408240726088
190,32.2311935807887,30.7458843421023,29.7862892853838,30,0.265883106131154
191.596277902098,32.2311935807887,30.7757210765255,29.8062488465538,30,0.265883106131154
192.915182950639,32.1916509710516,30.7757210765255,29.8062488465538,30,0.265883106131154
194.265879092315,32.1916509710516,30.7757210765255,29.8262124567407,30,0.265883106131154
195,32.1916509710516,30.7757210765255,29.8262124567407,30,0.263018160947081
196.600513725806,32.1521273602992,30.7757210765255,29.846180124428,30,0.263018160947081
197.914855195014,32.1521273602992,30.7757210765255,29.846180124428,30,0.263018160947081
199.342754715555,32.1521273602992,30.7757210765255,29.8661518581067,30,0.263018160947081
200,32.1126226801269,30.7757210765255,29.8661518581067,30,0.26190429197129
201.665045881994,32.1126226801269,30.7757210765255,29.8861276662755,30,0.26190429197129
203.129396719094,32.1126226801269,30.7757210765255,29.8861276662755,30,0.26190429197129
204.567335002445,32.0731368622762,30.7757210765255,29.8861276662755,30,0.26190429197129
205,32.0731368622762,30.7757210765255,29.9061075574409,30,0.260820003199716
206.717585541405,32.0731368622762,30.7757210765255,29.9061075574409,30,0.260820003199716
208.224923333649,32.0336698386333,30.7757210765255,29.9061075574409,30,0.260820003199716
209.672009248372,32.0336698386333,30.7757210765255,29.9260915401172,30,0.260820003199716
210,32.0336698386333,30.7757210765255,29.9260915401172,30,0.261546648613506
211.639953758142,31.9942215412286,30.7757210765255,29.9260915401172,30,0.261546648613506
213.208797505847,31.9942215412286,30.7458843421023,29.9260915401172,30,0.261546648613506
214.694366055821,31.954791902236,30.7458843421023,29.9260915401172,30,0.261546648613506
215,31.954791902236,30.7458843421023,29.9260915401172,30,0.260275439835057
216.528169720894,31.954791902236,30.7458843421023,29.9260915401172,30,0.260275439835057
217.993439401807,31.954791902236,30.7458843421023,29.9260915401172,30,0.260275439835057
219.702844162472,31.9153808539721,30.7458843421023,29.9460796228264,30,0.260275439835057
220,31.9153808539721,30.7458843421023,29.9460796228264,30,0.260590420267882
221.48577918764,31.9153808539721,30.7458843421023,29.9460796228264,30,0.260590420267882
223.14322135621,31.8759883288955,30.7160573620291,29.9460796228264,30,0.260590420267882
225,31.8759883288955,30.7160573620291,29.9460796228264,30,0.261051228951361
226.76998161071,31.8759883288955,30.7160573620291,29.9460796228264,30,0.261051228951361
228.435437163886,31.8366142596062,30.7160573620291,29.9460796228264,30,0.261051228951361
230,31.8366142596062,30.6862401076112,29.9460796228264,30,0.261411620994982
231.686821659215,31.7972585788444,30.6862401076112,29.9260915401172,30,0.261411620994982
233.419778617894,31.7972585788444,30.6862401076112,29.9260915401172,30,0.261411620994982
235,31.7972585788444,30.6862401076112,29.9260915401172,30,0.26372064746002
236.328753632113,31.7579212194906,30.6564325501956,29.9260915401172,30,0.26372064746002
237.657507264226,31.7579212194906,30.6564325501956,29.9260915401172,30,0.26372064746002
239.200597105275,31.7579212194906,30.6564325501956,29.9260915401172,30,0.26372064746002
240,31.7579212194906,30.6564325501956,29.9260915401172,30,0.264176786720886
242.100515198825,31.7186021145641,30.6266346611707,29.9061075574409,30,0.264176786720886
243.909110430007,31.7186021145641,30.6266346611707,29.9061075574409,30,0.264176786720886
245,31.7186021145641,30.6266346611707,29.9061075574409,30,0.266333597502117
246.418457450982,31.7186021145641,30.6266346611707,29.9061075574409,30,0.266333597502117
247.836914901965,31.6793011972225,30.5968464119665,29.8861276662755,30,0.266333597502117
249.514793710938,31.6793011972225,30.5968464119665,29.8861276662755,30,0.266333597502117
250,31.6793011972225,30.5968464119665,29.8861276662755,30,0.268726790599535
251.285352526664,31.6793011972225,30.5968464119665,29.8861276662755,30,0.268726790599535
252.570705053328,31.6793011972225,30.5968464119665,29.8861276662755,30,0.268726790599535
254.089503664015,31.6400184007614,30.5670677740542,29.8661518581067,30,0.268726790599535
255,31.6400184007614,30.5670677740542,29.8661518581067,30,0.26905264480417
257.039748969543,31.6400184007614,30.5670677740542,29.8661518581067,30,0.26905264480417
259.185796102054,31.6400184007614,30.5372987189459,29.846180124428,30,0.26905264480417
260,31.6400184007614,30.5372987189459,29.846180124428,30,0.271141606232803
261.373451492496,31.6400184007614,30.5372987189459,29.846180124428,30,0.271141606232803
262.746902984992,31.6007536586134,30.5372987189459,29.8262124567407,30,0.271141606232803
264.415790951762,31.6007536586134,30.5075392181948,29.8262124567407,30,0.271141606232803
265,31.6007536586134,30.5075392181948,29.8262124567407,30,0.273544413758126
266.284424198096,31.6007536586134,30.5075392181948,29.8262124567407,30,0.273544413758126
267.568848396191,31.6007536586134,30.5075392181948,29.8062488465538,30,0.273544413758126
269.084258944863,31.6007536586134,30.5075392181948,29.8062488465538,30,0.273544413758126
270,31.6007536586134,30.5075392181948,29.8062488465538,30,0.275974135151978
271.38691302914,31.6007536586134,30.4777892433945,29.8062488465538,30,0.275974135151978
272.773826058279,31.6007536586134,30.4777892433945,29.7862892853838,30,0.275974135151978
274.404041562355,31.6007536586134,30.4777892433945,29.7862892853838,30,0.275974135151978
275,31.6007536586134,30.4777892433945,29.7862892853838,30,0.278404598760001
276.283030379108,31.5615069043469,30.4777892433945,29.766333764755,30,0.278404598760001
277.566060758216,31.5615069043469,30.4480487661796,29.766333764755,30,0.278404598760001
279.076520710962,31.5615069043469,30.4480487661796,29.766333764755,30,0.278404598760001
280,31.5615069043469,30.4480487661796,29.766333764755,30,0.280854122260453
281.384511174592,31.5615069043469,30.4480487661796,29.7463822761993,30,0.280854122260453
282.769022349185,31.5615069043469,30.4480487661796,29.7463822761993,30,0.280854122260453
284.395615417156,31.5615069043469,30.4183177582246,29.7463822761993,30,0.280854122260453
285,31.5615069043469,30.4183177582246,29.7463822761993,30,0.283340255325404
286.280985883724,31.5615069043469,30.4183177582246,29.7264348112562,30,0.283340255325404
287.561971767448,31.5615069043469,30.4183177582246,29.7264348112562,30,0.283340255325404
289.069423614948,31.5615069043469,30.4183177582246,29.7264348112562,30,0.283340255325404
290,31.5615069043469,30.4183177582246,29.706491361473,30,0.283834759022482
292.018225016024,31.5615069043469,30.4183177582246,29.706491361473,30,0.283834759022482
294.032519160207,31.5615069043469,30.3885961912446,29.706491361473,30,0.283834759022482
295,31.5615069043469,30.3885961912446,29.6865519184042,30,0.286170654181374
296.258591262979,31.5615069043469,30.3885961912446,29.6865519184042,30,0.286170654181374
297.517182525958,31.5615069043469,30.3885961912446,29.6865519184042,30,0.286170654181374
299.036816617569,31.5615069043469,30.3885961912446,29.6865519184042,30,0.286170654181374
300,31.5615069043469,30.3885961912446,29.6865519184042,30,0.288872873983645
301.283667297961,31.5615069043469,30.3885961912446,29.6666164736122,30,0.288872873983645
302.567334595922,31.5615069043469,30.3885961912446,29.6666164736122,30,0.288872873983645
304.066077871958,31.6007536586134,30.3588840369945,29.6666164736122,30,0.288872873983645
305,31.6007536586134,30.3588840369945,29.6666164736122,30,0.291631752688521
306.379398116388,31.6007536586134,30.3588840369945,29.6466850186667,30,0.291631752688521
307.758796232775,31.6007536586134,30.3588840369945,29.6466850186667,30,0.291631752688521
309.377874621024,31.6007536586134,30.3588840369945,29.6466850186667,30,0.291631752688521
310,31.6007536586134,30.3588840369945,29.6466850186667,30,0.29236983372886
311.560577927144,31.6007536586134,30.3588840369945,29.6466850186667,30,0.29236983372886
313.121155854289,31.6007536586134,30.3588840369945,29.6267575451449,30,0.29236983372886
315,31.6007536586134,30.3588840369945,29.6267575451449,30,0.294921019400529
316.291828710249,31.6007536586134,30.3588840369945,29.6267575451449,30,0.294921019400529
317.583657420498,31.6007536586134,30.3588840369945,29.6267575451449,30,0.294921019400529
319.094397626261,31.6400184007614,30.3588840369945,29.6267575451449,30,0.294921019400529
320,31.6400184007614,30.3588840369945,29.6267575451449,30,0.295785338340501
321.548791920369,31.6400184007614,30.3588840369945,29.6068340446317,30,0.295785338340501
323.097583840737,31.6400184007614,30.3588840369945,29.6068340446317,30,0.295785338340501
325,31.6400184007614,30.3588840369945,29.6068340446317,30,0.298482802035587
326.400929980793,31.6400184007614,30.3588840369945,29.6068340446317,30,0.298482802035587
327.801859961585,31.6400184007614,30.3588840369945,29.6068340446317,30,0.298482802035587
329.443892761294,31.6793011972225,30.3588840369945,29.6068340446317,30,0.298482802035587
330,31.6793011972225,30.3588840369945,29.6068340446317,30,0.299465140751391
331.553768044297,31.6793011972225,30.3588840369945,29.5869145087192,30,0.299465140751391
333.107536088594,31.6793011972225,30.3588840369945,29.5869145087192,30,0.299465140751391
335,31.6793011972225,30.3588840369945,29.5869145087192,30,0.300219187520492
336.589408591396,31.6793011972225,30.3588840369945,29.5869145087192,30,0.300219187520492
338.178817182791,31.6793011972225,30.3588840369945,29.5869145087192,30,0.300219187520492
340,31.7186021145641,30.3588840369945,29.5869145087192,30,0.301027641461046
341.964370793662,31.7186021145641,30.3588840369945,29.5869145087192,30,0.301027641461046
343.55830874795,31.7186021145641,30.3588840369945,29.5869145087192,30,0.301027641461046
345,31.7186021145641,30.3588840369945,29.5869145087192,30,0.301908391384971
346.58932024327,31.7186021145641,30.3588840369945,29.5869145087192,30,0.301908391384971
348.178640486539,31.7186021145641,30.3588840369945,29.5869145087192,30,0.301908391384971
350,31.7579212194906,30.3588840369945,29.5869145087192,30,0.302837325033557
351.590846935192,31.7579212194906,30.3588840369945,29.5869145087192,30,0.302837325033557
353.181693870384,31.7579212194906,30.3588840369945,29.5869145087192,30,0.302837325033557
355,31.7579212194906,30.3588840369945,29.5869145087192,30,0.303793549191837
356.588813713621,31.7579212194906,30.3588840369945,29.5869145087192,30,0.303793549191837
358.177627427242,31.7972585788444,30.3885961912446,29.5869145087192,30,0.303793549191837
360,31.7972585788444,30.3885961912446,29.5869145087192,30,0.304764261744567
361.580409071059,31.7972585788444,30.3885961912446,29.5869145087192,30,0.304764261744567
363.160818142117,31.7972585788444,30.3885961912446,29.5869145087192,30,0.304764261744567
365,31.7972585788444,30.3885961912446,29.5869145087192,30,0.305742437244211
366.580842271952,31.8366142596062,30.3885961912446,29.5869145087192,30,0.305742437244211
368.161684543904,31.8366142596062,30.3885961912446,29.5869145087192,30,0.305742437244211
370,31.8366142596062,30.3885961912446,29.5869145087192,30,0.306724399196249
371.578732426935,31.8366142596062,30.4183177582246,29.5869145087192,30,0.306724399196249
373.157464853869,31.8366142596062,30.4183177582246,29.5869145087192,30,0.306724399196249
375,31.8759883288955,30.4183177582246,29.6068340446317,30,0.307708267276856
376.578391307832,31.8759883288955,30.4183177582246,29.6068340446317,30,0.307708267276856
378.156782615664,31.8759883288955,30.4183177582246,29.6068340446317,30,0.307708267276856
380,31.8759883288955,30.4183177582246,29.6068340446317,30,0.306656438478228
381.635080567049,31.8759883288955,30.4183177582246,29.6068340446317,30,0.306656438478228
383.270161134099,31.9153808539721,30.4480487661796,29.6068340446317,30,0.306656438478228
385,31.9153808539721,30.4480487661796,29.6068340446317,30,0.307389852253221
387.301351332319,31.9153808539721,30.4480487661796,29.6267575451449,30,0.307389852253221
389.489431165221,31.9153808539721,30.4480487661796,29.6267575451449,30,0.307389852253221
390,31.9153808539721,30.4480487661796,29.6267575451449,30,0.308432461992298
391.381526732685,31.954791902236,30.4480487661796,29.6267575451449,30,0.308432461992298
392.763053465371,31.954791902236,30.4777892433945,29.6267575451449,30,0.308432461992298
394.415553551561,31.954791902236,30.4777892433945,29.6267575451449,30,0.308432461992298
395,31.954791902236,30.4777892433945,29.6267575451449,30,0.307436052003135
396.656295062114,31.954791902236,30.4777892433945,29.6267575451449,30,0.307436052003135
398.312590124228,31.954791902236,30.4777892433945,29.6466850186667,30,0.307436052003135
400,31.954791902236,30.4777892433945,29.6466850186667,30,0.308182267883161
402.353941873035,31.9942215412286,30.4777892433945,29.6466850186667,30,0.308182267883161
405,31.9942215412286,30.5075392181948,29.6466850186667,30,0.307167061755401
406.586575228238,31.9942215412286,30.5075392181948,29.6666164736122,30,0.307167061755401
408.173150456477,31.9942215412286,30.5075392181948,29.6666164736122,30,0.307167061755401
410,31.9942215412286,30.5075392181948,29.6666164736122,30,0.307916667601591
411.632033425481,32.0336698386333,30.5075392181948,29.6666164736122,30,0.307916667601591
413.264066850961,32.0336698386333,30.5372987189459,29.6666164736122,30,0.307916667601591
415,32.0336698386333,30.5372987189459,29.6865519184042,30,0.306883646237176
416.624806356278,32.0336698386333,30.5372987189459,29.6865519184042,30,0.306883646237176
418.249612712556,32.0336698386333,30.5372987189459,29.6865519184042,30,0.306883646237176
420,32.0336698386333,30.5372987189459,29.6865519184042,30,0.307597265558696
421.626316557556,32.0336698386333,30.5670677740542,29.706491361473,30,0.307597265558696
423.252633115112,32.0731368622762,30.5670677740542,29.706491361473,30,0.307597265558696
425,32.0731368622762,30.5670677740542,29.706491361473,30,0.306516078920966
426.625568747086,32.0731368622762,30.5670677740542,29.706491361473,30,0.306516078920966
428.251137494173,32.0731368622762,30.5670677740542,29.706491361473,30,0.306516078920966
430,32.0731368622762,30.5670677740542,29.7264348112562,30,0.307175691436892
432.291796996068,32.0731368622762,30.5968464119665,29.7264348112562,30,0.307175691436892
435,32.0731368622762,30.5968464119665,29.7264348112562,30,0.306036567335388
436.552524699319,32.1126226801269,30.5968464119665,29.7264348112562,30,0.306036567335388
438.105049398639,32.1126226801269,30.5968464119665,29.7463822761993,30,0.306036567335388
440,32.1126226801269,30.5968464119665,29.7463822761993,30,0.306637081780011
441.633809942866,32.1126226801269,30.5968464119665,29.7463822761993,30,0.306637081780011
443.267619885733,32.1126226801269,30.6266346611707,29.7463822761993,30,0.306637081780011
445,32.1126226801269,30.6266346611707,29.766333764755,30,0.305437413014739
446.404384941359,32.1126226801269,30.6266346611707,29.766333764755,30,0.305437413014739
447.808769882718,32.1126226801269,30.6266346611707,29.766333764755,30,0.305437413014739
449.476715457791,32.1126226801269,30.6266346611707,29.766333764755,30,0.305437413014739
450,32.1126226801269,30.6266346611707,29.766333764755,30,0.305977504670645
451.655221889864,32.1126226801269,30.6266346611707,29.766333764755,30,0.305977504670645
453.310443779727,32.1126226801269,30.6564325501956,29.7862892853838,30,0.305977504670645
455,32.1126226801269,30.6564325501956,29.7862892853838,30,0.304716614754301
456.621319567837,32.1521273602992,30.6564325501956,29.7862892853838,30,0.304716614754301
458.242639135674,32.1521273602992,30.6564325501956,29.7862892853838,30,0.304716614754301
460,32.1521273602992,30.6564325501956,29.7862892853838,30,0.305195936014123
462.288815945175,32.1521273602992,30.6564325501956,29.8062488465538,30,0.305195936014123
465,32.1521273602992,30.6564325501956,29.8062488465538,30,0.303873639668311
466.547814463662,32.1521273602992,30.6862401076112,29.8062488465538,30,0.303873639668311
468.095628927323,32.1521273602992,30.6862401076112,29.8062488465538,30,0.303873639668311
470,32.1521273602992,30.6862401076112,29.8262124567407,30,0.304292088984634
472.210184652625,32.1521273602992,30.6862401076112,29.8262124567407,30,0.304292088984634
474.560927930727,32.1521273602992,30.6862401076112,29.8262124567407,30,0.304292088984634
475,32.1521273602992,30.6862401076112,29.8262124567407,30,0.302908323940786
476.606209904636,32.1521273602992,30.6862401076112,29.8262124567407,30,0.302908323940786
478.212419809272,32.1521273602992,30.6862401076112,29.846180124428,30,0.302908323940786
480,32.1521273602992,30.6862401076112,29.846180124428,30,0.303265861187235
482.246042286649,32.1521273602992,30.7160573620291,29.846180124428,30,0.303265861187235
484.590534665677,32.1521273602992,30.7160573620291,29.846180124428,30,0.303265861187235
485,32.1521273602992,30.7160573620291,29.846180124428,30,0.303863787810581
486.618911915724,32.1521273602992,30.7160573620291,29.846180124428,30,0.303863787810581
488.237823831448,32.1521273602992,30.7160573620291,29.8661518581067,30,0.303863787810581
490,32.1521273602992,30.7160573620291,29.8661518581067,30,0.302369892849053
491.409092926507,32.1916509710516,30.7160573620291,29.8661518581067,30,0.302369892849053
492.818185853014,32.1916509710516,30.7160573620291,29.8661518581067,30,0.302369892849053
494.489771682055,32.1916509710516,30.7160573620291,29.8661518581067,30,0.302369892849053
495,32.1916509710516,30.7160573620291,29.8661518581067,30,0.302597010626759
496.656336680899,32.1916509710516,30.7160573620291,29.8661518581067,30,0.302597010626759
498.312673361799,32.1916509710516,30.7160573620291,29.8661518581067,30,0.302597010626759
499.999999999996,32.1916509710516,30.7160573620291,29.8861276662755,30,0.302597010626759
500,32.1916509710516,30.7160573620291,29.8861276662755,20,-0.401458175501841
500.000000000004,32.1916509710516,30.7160573620291,29.8861276662755,20,-0.401458175501841
500.472340560922,32.1521273602992,30.7160573620291,29.8861276662755,20,-0.401458175501841
500.94468112184,32.1521273602992,30.7160573620291,29.8861276662755,20,-0.401458175501841
501.462665488639,32.1126226801269,30.7458843421023,29.8861276662755,20,-0.401458175501841
502.004624647476,32.0731368622762,30.7458843421023,29.8861276662755,20,-0.401458175501841
502.574695086277,31.9942215412286,30.7458843421023,29.8861276662755,20,-0.401458175501841
503.175617017666,31.954791902236,30.7458843421023,29.8861276662755,20,-0.401458175501841
503.810683279385,31.8759883288955,30.7458843421023,29.8861276662755,20,-0.401458175501841
504.48367982088,31.7579212194906,30.7458843421023,29.8861276662755,20,-0.401458175501841
505,31.7186021145641,30.7458843421023,29.8861276662755,20,-0.426920785947134
505.768559739442,31.6007536586134,30.7458843421023,29.8861276662755,20,-0.426920785947134
506.525735139226,31.4830670944107,30.7458843421023,29.8861276662755,20,-0.426920785947134
507.341701887829,31.3655406355941,30.7458843421023,29.8861276662755,20,-0.426920785947134
508.216804909321,31.2481725066137,30.7458843421023,29.8861276662755,20,-0.426920785947134
509.159097631602,31.0919249098886,30.7160573620291,29.8861276662755,20,-0.426920785947134
510,30.9749193717614,30.7160573620291,29.8861276662755,20,-0.450649366915842
511.107756290531,30.819148890638,30.7160573620291,29.8861276662755,20,-0.450649366915842
512.045343415474,30.7024964658565,30.6862401076112,29.8861276662755,20,-0.450649366915842
513.087989179736,30.547190549061,30.6862401076112,29.8861276662755,20,-0.450649366915842
514.212470280981,30.3921445265429,30.6564325501956,29.9061075574409,20,-0.450649366915842
515,30.2760281495574,30.6564325501956,29.9061075574409,20,-0.474107857470916
515.971379057407,30.1214273013649,30.6266346611707,29.9061075574409,20,-0.474107857470916
516.942758114814,30.0056402389547,30.5968464119665,29.9061075574409,20,-0.474107857470916
518.016387002302,29.8514724288939,30.5670677740542,29.9061075574409,20,-0.474107857470916
519.176563270098,29.6975466785622,30.5372987189459,29.9061075574409,20,-0.474107857470916
520,29.5822588787098,30.5075392181948,29.9061075574409,20,-0.497591217526451
520.979895136169,29.4287473978179,30.4777892433945,29.9061075574409,20,-0.497591217526451
521.959790272338,29.3137658764115,30.4183177582246,29.9061075574409,20,-0.497591217526451
523.016633300156,29.1606569050315,30.3885961912446,29.9061075574409,20,-0.497591217526451
524.192579852328,29.0077727118211,30.3291812672692,29.9061075574409,20,-0.497591217526451
525,28.8932548083657,30.2994878539034,29.9061075574409,20,-0.52317432988569
526.058066981373,28.7407549182194,30.2401289837858,29.9061075574409,20,-0.52317432988569
527.043786255066,28.5884694944426,30.2104634709004,29.9061075574409,20,-0.52317432988569
528.13171317291,28.4363948312334,30.1511601494354,29.9061075574409,20,-0.52317432988569
529.105116891765,28.3224749289197,30.0918935807762,29.8861276662755,20,-0.52317432988569
530,28.2086699614447,30.0622740090429,29.8861276662755,20,-0.544960300141524
530.852485413054,28.0949783899422,30.0030621516921,29.8861276662755,20,-0.544960300141524
531.704970826107,27.9813986822629,29.9734698105582,29.8661518581067,20,-0.544960300141524
532.727245999349,27.8301304465849,29.9143121648656,29.8661518581067,20,-0.544960300141524
533.787872351195,27.7168058329366,29.855190383701,29.846180124428,20,-0.544960300141524
535,27.5658722267698,29.7665744756205,29.8262124567407,20,-0.564163294699506
535.974277146169,27.4151249305959,29.7075413920975,29.8062488465538,20,-0.564163294699506
536.948554292337,27.3021845913322,29.6485434037029,29.7862892853838,20,-0.564163294699506
538.07059883802,27.1517548193644,29.5895802919208,29.766333764755,20,-0.564163294699506
539.085584996959,27.039048579744,29.5012005413042,29.7463822761993,20,-0.564163294699506
540,26.9264402055256,29.4423236688019,29.7264348112562,20,-0.577065887820352
540.929229805663,26.7764454019505,29.3834809125959,29.706491361473,20,-0.577065887820352
541.858459611325,26.6640596735543,29.3246720567154,29.6666164736122,20,-0.577065887820352
542.972143907523,26.5517669317674,29.236521864927,29.6466850186667,20,-0.577065887820352
544.101564590666,26.402185412298,29.1777968186008,29.6068340446317,20,-0.577065887820352
545,26.2901039996754,29.1191049210202,29.5669989290072,20,-0.585318500051136
546.195594814639,26.140799012607,29.0311287616099,29.5271796046203,20,-0.585318500051136
547.274407452671,26.0289210839017,28.9432259881667,29.4873760044161,20,-0.585318500051136
548.478139662515,25.8798822088823,28.8553958849346,29.4475880614576,20,-0.585318500051136
549.763764628114,25.7309907490896,28.7676377387738,29.3879353582187,20,-0.585318500051136
550,25.6937905232909,28.7384008909607,29.3879353582187,20,-0.591345846441392
551.181176859432,25.5450786038716,28.6507375826881,29.3283175084372,20,-0.591345846441392
552.282569773078,25.4336366335804,28.5631445774692,29.2885915274209,20,-0.591345846441392
553.402411432491,25.2851672897444,28.4756211706311,29.229031268256,20,-0.591345846441392
554.536261101371,25.1739034257697,28.3881666599662,29.189343473819,20,-0.591345846441392
555,25.1368319840075,28.3590303456536,29.1496708382818,20,-0.593409813997894
556.373214465749,24.9515962962981,28.2425603452577,29.090190163646,20,-0.593409813997894
557.55940591191,24.8405502448298,28.1552861430889,29.0307432259793,20,-0.593409813997894
558.917536261438,24.6925972186705,28.0680782828762,28.9713298036784,20,-0.593409813997894
560,24.5817119370419,27.9809360734701,28.9119496756932,20,-0.593175904006111
561.269741658214,24.4339682550353,27.8648473940823,28.8328275818336,20,-0.593175904006111
562.530346851002,24.2863397087247,27.7778556948073,28.7735242840137,20,-0.593175904006111
563.736277112187,24.1756918994427,27.661965209599,28.6945038335208,20,-0.593175904006111
565,24.028257018021,27.5751202980651,28.6155407518233,20,-0.592818070982385
566.303871868495,23.9177507345701,27.4594230621711,28.5563557780173,20,-0.592818070982385
567.542542401787,23.8073028317347,27.3727212432444,28.477491849726,20,-0.592818070982385
568.834660142752,23.6601274248076,27.2572123475107,28.3986838736215,20,-0.592818070982385
570,23.5498104575632,27.170649952371,28.3199313376016,20,-0.588443777850027
571.472418073968,23.4028047094004,27.0553245221063,28.2412337311475,20,-0.588443777850027
572.944644423261,23.2558914994282,26.9401017534548,28.1429381925666,20,-0.588443777850027
574.383712325781,23.1457653956409,26.8249800715766,28.0447266956336,20,-0.588443777850027
575,23.0723752462521,26.7674566476551,28.0054654073193,20,-0.583389534710398
576.414233650259,22.9256585609861,26.6524836559701,27.9269824449058,20,-0.583389534710398
577.828467300517,22.8156751411371,26.5376078394659,27.8289523706281,20,-0.583389534710398
579.448491130752,22.6691001553914,26.3941473533647,27.7114229784829,20,-0.583389534710398
580,22.6324685019249,26.3654729186157,27.6722721097854,20,-0.578094531865399
581.349272795098,22.5226017711222,26.2508332498514,27.5940083918924,20,-0.578094531865399
582.698545590196,22.3761768160928,26.1362853381652,27.4962493910145,20,-0.578094531865399
584.285299799504,22.2664043817773,26.0218276473304,27.3985679835886,20,-0.578094531865399
585,22.1932440560533,25.9646321560376,27.3399959828428,20,-0.57046499518557
586.304134323556,22.0835345248373,25.8503069270045,27.2619425354193,20,-0.57046499518557
587.608268647113,21.9738609572426,25.7646197896921,27.1644434254935,20,-0.57046499518557
589.124095169872,21.8642220207205,25.6219141557094,27.0670186447396,20,-0.57046499518557
590,21.7911479781794,25.5648685411523,27.0085990576721,20,-0.562108301087199
591.230061417896,21.7180883409213,25.4793387848933,26.9112912224285,20,-0.562108301087199
592.460122835792,21.6085250324878,25.3653702960638,26.8334967370355,20,-0.562108301087199
593.882716625452,21.4989919186291,25.2799464962141,26.7363175645622,20,-0.562108301087199
595,21.4259859608178,25.1945670498959,26.6586247856453,20,-0.553230224965121
596.221726338207,21.3165002165169,25.0807956905063,26.5809764264999,20,-0.553230224965121
597.443452676413,21.243524607621,24.9955172805196,26.4839777113446,20,-0.553230224965121
598.852392100289,21.1340825408594,24.8818783507801,26.3870467162892,20,-0.553230224965121
600,21.0611348199143,24.7966975526519,26.309550051829,20,-0.543772906611949
601.190385643598,20.9881975651817,24.7115575436641,26.2320956549156,20,-0.543772906611949
602.380771287196,20.9152703829764,24.6264576987846,26.154683050319,20,-0.543772906611949
603.751801858471,20.8058976344411,24.5413973941049,26.0579753427636,20,-0.543772906611949
605,20.7329939110799,24.4280440852007,25.9806550388267,20,-0.533663781770266
606.182777003954,20.6600988821809,24.3430736207902,25.9033749899996,20,-0.533663781770266
607.365554007908,20.587212153911,24.2581406246582,25.8068308205637,20,-0.533663781770266
608.727544096688,20.5143333323694,24.1732444774569,25.7296396258603,20,-0.533663781770266
610,20.4414620235744,24.0883845608201,25.6332050397561,20,-0.522854256181718
611.15865265552,20.3685978334508,24.0035602573359,25.5561003269098,20,-0.522854256181718
612.317305311039,20.2957403678171,23.9187709505213,25.4790332918143,20,-0.522854256181718
613.647260109088,20.2228892323724,23.8340160247948,25.4020034689315,20,-0.522854256181718
615,20.1500440326835,23.7492948654508,25.3057678122453,20,-0.513266199819994
616.181665725249,20.0772043741723,23.6646068586331,25.2288200193715,20,-0.513266199819994
617.363331450498,20.0043698621027,23.5799513913089,25.1519079318671,20,-0.513266199819994
618.711571950166,19.9315401015674,23.4953278512422,25.0750310879208,20,-0.513266199819994
620,19.8587146974751,23.4107356269683,24.978983892049,20,-0.501220100400478
621.13907367919,19.8223035055756,23.3543579068287,24.9021846619027,20,-0.501220100400478
622.27814735838,19.7494838949174,23.2698165187443,24.8446074117254,20,-0.501220100400478
623.574608218011,19.6766676520837,23.1853048194521,24.7486869882653,20,-0.501220100400478
625,19.6038543812367,23.1008222000925,24.6719876287787,20,-0.490065872313679
626.128728187777,19.5674487365426,23.0445163089945,24.5953206447752,20,-0.490065872313679
627.257456375555,19.4946391809444,22.9600808049217,24.5378413787632,20,-0.490065872313679
628.544829393179,19.458235170923,22.8756727602636,24.4420819793992,20,-0.490065872313679
630,19.3854284385137,22.7912915684185,24.3655093878937,20,-0.480325353210705
631.163403331043,19.3490256169039,22.7350520594467,24.2889673515733,20,-0.480325353210705
632.326806662087,19.2762208146813,22.6788240362561,24.2315806034227,20,-0.480325353210705
633.655689606522,19.2398187347346,22.5945031450389,24.1359731316924,20,-0.480325353210705
635,19.1670149686875,22.5102070884961,24.0595200433517,20,-0.470033874507117
636.164878887663,19.1306131831336,22.4540232160313,24.0021991160575,20,-0.470033874507117
637.329757775326,19.0942113962222,22.3978499336126,23.9257960366065,20,-0.470033874507117
638.651571080754,19.0214076191876,22.3136094750427,23.8494209141612,20,-0.470033874507117
640,18.9850055294394,22.2293918382327,23.773073298901,20,-0.458887145995738
641.37694028814,18.9486032390832,22.17325912799,23.6967527415687,20,-0.458887145995738
642.508058447973,18.9122006982497,22.1171361141693,23.6395298103876,20,-0.458887145995738
643.732052509521,18.8393946655555,22.0329693837598,23.5823216577786,20,-0.458887145995738
645,18.802991073837,21.976869830159,23.5060667833209,20,-0.448844029797638
646.391980256032,18.7665870319246,21.920779348474,23.429837398601,20,-0.448844029797638
647.554153626054,18.7301824898271,21.8646977604066,23.372681818836,20,-0.448844029797638
648.771761435561,18.693777397528,21.8086248877107,23.3155401372837,20,-0.448844029797638
650,18.6573717049845,21.7245315301957,23.2393725226955,20,-0.438270973694073
651.386970019393,18.6209653621272,21.6684796664169,23.1632288356992,20,-0.438270973694073
652.528813681435,18.5845583188599,21.6124358945136,23.1061365050361,20,-0.438270973694073
653.76467341256,18.5481505250592,21.5564000364345,23.0490571954402,20,-0.438270973694073
655,18.5117419305737,21.5003719141622,22.991990719334,20,-0.428844354008972
656.388063013176,18.475332485224,21.4443513497098,22.9159217237617,20,-0.428844354008972
657.567734149223,18.4389221388018,21.3883381651177,22.8588844637041,20,-0.428844354008972
658.867316751398,18.40251084107,21.3323321824503,22.801859412775,20,-0.428844354008972
660,18.3660985417619,21.2763332237924,22.744846383921,20,-0.418899888447233
661.404292716933,18.3296851905808,21.2203411112459,22.6878451901998,20,-0.418899888447233
662.561258348053,18.2932707371997,21.1923475666752,22.6308556447768,20,-0.418899888447233
663.904612700418,18.2932707371997,21.1363653897661,22.5738775609213,20,-0.418899888447233
665,18.2568551312607,21.0803896142762,22.5358984470548,20,-0.410121540966521
666.410305131919,18.2204383223749,21.0244200623408,22.4599550314885,20,-0.410121540966521
667.585055475492,18.1840202601214,20.9964375646238,22.4219906192967,20,-0.410121540966521
668.898114370258,18.1840202601214,20.9404770145271,22.3650529651873,20,-0.410121540966521
670,18.1476008940474,20.8845222433242,22.3081259025043,20,-0.400861233025107
671.415141120654,18.1111801736675,20.856546969223,22.2512092450383,20,-0.400861233025107
672.565970675575,18.1111801736675,20.8006005328466,22.2132704954846,20,-0.400861233025107
673.904509957292,18.0747580484633,20.7446594306628,22.1563707664629,20,-0.400861233025107
675,18.0383344678827,20.7166908242987,22.1184431302822,20,-0.392809267082515
676.412463175479,18.0383344678827,20.6607573898282,22.0615598130243,20,-0.392809267082515
677.64179810087,18.0019093813403,20.6327925172386,22.0046860949523,20,-0.392809267082515
678.908513182422,18.0019093813403,20.604828844755,21.9667755240174,20,-0.392809267082515
680,17.9654827382159,20.5489050111229,21.9099173916743,20,-0.384325024563841
681.418496239834,17.9654827382159,20.5209448054787,21.8720170392332,20,-0.384325024563841
682.628812461978,17.9290544878546,20.4650277052805,21.8151739767127,20,-0.384325024563841
684.008092833872,17.9290544878546,20.4370707662191,21.7772834989131,20,-0.384325024563841
685,17.8926245795664,20.4091148715077,21.7393968747269,20,-0.37709988596121
686.446837314586,17.8926245795664,20.3532061260948,21.6825740437018,20,-0.37709988596121
687.70635986018,17.8561929626255,20.3252532308674,21.6446968130214,20,-0.37709988596121
688.88008337188,17.8561929626255,20.2973012909377,21.606823243554,20,-0.37709988596121
690,17.8197595862703,20.269350284036,21.5689532803458,20,-0.369496600228121
691.224975838898,17.8197595862703,20.2414001878898,21.5310868684501,20,-0.369496600228121
692.449951677796,17.8197595862703,20.1855026387589,21.4932239529267,20,-0.369496600228121
693.824335618434,17.7833243997023,20.1575551412139,21.4553644788412,20,-0.369496600228121
695,17.7833243997023,20.1296084653036,21.4175083912653,20,-0.363206217930574
696.273450439595,17.7833243997023,20.1016625887397,21.3796556352754,20,-0.363206217930574
697.546900879189,17.7468873520862,20.07371748923,21.3418061559527,20,-0.363206217930574
699.022221781128,17.7468873520862,20.0457731444791,21.3039598983827,20,-0.363206217930574
700,17.7468873520862,20.0178295321878,21.2661168076542,20,-0.356593341047846
701.472419425781,17.7104483925491,19.9898866300529,21.2282768288596,20,-0.356593341047846
702.729174803346,17.7104483925491,19.9619444157676,21.1904399070939,20,-0.356593341047846
704.161507166269,17.7104483925491,19.9340028670206,21.1526059874543,20,-0.356593341047846
705,17.6740074701803,19.9060619614968,21.1336901362752,20,-0.351348523461644
706.530667103395,17.6740074701803,19.8781216768768,21.0958606168861,20,-0.351348523461644
707.815834075622,17.6740074701803,19.8501819908367,21.0580339623732,20,-0.351348523461644
709.15774729545,17.6740074701803,19.8222428810482,21.0391216922894,20,-0.351348523461644
710,17.6375645340308,19.7943043251784,21.001299232156,20,-0.345837526927745
711.552288086608,17.6375645340308,19.7663663008896,20.9634794996524,20,-0.345837526927745
712.880682216103,17.6375645340308,19.7384287858395,20.9445706391058,20,-0.345837526927745
714.219471144836,17.6375645340308,19.7384287858395,20.9067548951108,20,-0.345837526927745
715,17.6375645340308,19.7104917576809,20.8878479979371,20,-0.339834880163427
716.560513343573,17.6011195331128,19.6825551940614,20.8689417414956,20,-0.339834880163427
717.846366759916,17.6011195331128,19.6546190726234,20.8311311233576,20,-0.339834880163427
719.133378692275,17.6011195331128,19.6546190726234,20.8122267479349,20,-0.339834880163427
720,17.6011195331128,19.6266833710044,20.7933229857919,20,-0.335301656590101
721.308736686278,17.6011195331128,19.5987480668364,20.7555172738906,20,-0.335301656590101
722.617473372556,17.6011195331128,19.5987480668364,20.7366153104045,20,-0.335301656590101
724.028012081199,17.6011195331128,19.5708131377457,20.7177139327429,20,-0.335301656590101
725,17.6011195331128,19.5708131377457,20.6988131340409,20,-0.330624152419195
726.516711635209,17.5646724163989,19.5428785613534,20.6610132460572,20,-0.330624152419195
727.843965280796,17.5646724163989,19.5149443152747,20.6421141430453,20,-0.330624152419195
729.399326454689,17.5646724163989,19.487010377119,20.6043175846531,20,-0.330624152419195
730,17.5646724163989,19.487010377119,20.6043175846531,20,-0.325555691914922
731.637183425593,17.5646724163989,19.4590767244901,20.566523177329,20,-0.325555691914922
732.956579096188,17.5646724163989,19.4590767244901,20.5476267631508,20,-0.325555691914922
734.346012416468,17.5646724163989,19.4311433349853,20.5287308661387,20,-0.325555691914922
735,17.5646724163989,19.4311433349853,20.5287308661387,20,-0.322037920116193
736.656278971184,17.5646724163989,19.4032101861964,20.4909405961418,20,-0.322037920116193
738.027037950306,17.5646724163989,19.4032101861964,20.4720462094202,20,-0.322037920116193
739.476902960731,17.5646724163989,19.3752772557082,20.4531523123914,20,-0.322037920116193
740,17.5646724163989,19.3752772557082,20.4531523123914,20,-0.318446004921423
741.719499438942,17.5646724163989,19.3473445210999,20.4153659599335,20,-0.318446004921423
743.163575866558,17.5646724163989,19.3473445210999,20.3964734907641,20,-0.318446004921423
744.593044181233,17.5646724163989,19.3473445210999,20.3775814838066,20,-0.318446004921423
745,17.5646724163989,19.3194119599439,20.3775814838066,20,-0.316441713696986
746.729831065624,17.5646724163989,19.3194119599439,20.3586899321897,20,-0.316441713696986
748.25539226597,17.5646724163989,19.291479549806,20.3397988290412,20,-0.316441713696986
749.70730348591,17.5646724163989,19.291479549806,20.3209081674887,20,-0.316441713696986
750,17.5646724163989,19.291479549806,20.3209081674887,20,-0.312455513202711
751.46348257045,17.5646724163989,19.2635472682456,20.3020179406591,20,-0.312455513202711
752.855184870207,17.5646724163989,19.2635472682456,20.2831281416788,20,-0.312455513202711
754.470369257566,17.5646724163989,19.2635472682456,20.2642387636733,20,-0.312455513202711
755,17.5646724163989,19.2635472682456,20.2642387636733,20,-0.309841445646506
756.429659944665,17.5646724163989,19.2356150928149,20.2453497997681,20,-0.309841445646506
757.859319889329,17.5646724163989,19.2356150928149,20.2264612430874,20,-0.309841445646506
759.316828713271,17.5646724163989,19.2356150928149,20.2264612430874,20,-0.309841445646506
760,17.5646724163989,19.2076830010596,20.2075730867552,20,-0.30725032364112
761.415584262773,17.5646724163989,19.2076830010596,20.2075730867552,20,-0.30725032364112
762.831168525546,17.5646724163989,19.2076830010596,20.1886853238947,20,-0.30725032364112
764.384182357866,17.5646724163989,19.2076830010596,20.1697979476284,20,-0.30725032364112
765,17.5646724163989,19.1797509705183,20.1697979476284,20,-0.304451298884172
766.43119284585,17.5646724163989,19.1797509705183,20.1509109510783,20,-0.304451298884172
767.889487628397,17.5646724163989,19.1797509705183,20.1509109510783,20,-0.304451298884172
769.570472433073,17.5646724163989,19.1797509705183,20.1320243273654,20,-0.304451298884172
770,17.5646724163989,19.1797509705183,20.1320243273654,20,-0.303362485515372
771.857934827644,17.5646724163989,19.1518189787223,20.1131380696103,20,-0.303362485515372
773.434726588818,17.5646724163989,19.1518189787223,20.1131380696103,20,-0.303362485515372
775,17.6011195331128,19.1518189787223,20.0942521709327,20,-0.30233956438042
776.732836031316,17.6011195331128,19.1518189787223,20.0942521709327,20,-0.30233956438042
778.336482211261,17.6011195331128,19.1518189787223,20.0753666244515,20,-0.30233956438042
780,17.6011195331128,19.1238870031959,20.0753666244515,20,-0.299202731210356
781.728182871343,17.6011195331128,19.1238870031959,20.0564814232849,20,-0.299202731210356
783.184162889198,17.6011195331128,19.1238870031959,20.0564814232849,20,-0.299202731210356
784.79586826204,17.6011195331128,19.1238870031959,20.0375965605506,20,-0.299202731210356
785,17.6011195331128,19.1238870031959,20.0375965605506,20,-0.297561103749918
786.0206586898,17.6011195331128,19.1238870031959,20.0375965605506,20,-0.297561103749918
787.610475401554,17.6011195331128,19.1238870031959,20.0375965605506,20,-0.297561103749918
789.334866169957,17.6375645340308,19.1238870031959,20.018712029365,20,-0.297561103749918
790,17.6375645340308,19.1238870031959,20.018712029365,20,-0.297990169510688
792.038451242284,17.6375645340308,19.0959550214561,20.018712029365,20,-0.297990169510688
793.735380341623,17.6375645340308,19.0959550214561,20.018712029365,20,-0.297990169510688
795,17.6375645340308,19.0959550214561,19.9998278228441,20,-0.296640079838344
796.932823370721,17.6375645340308,19.0959550214561,19.9998278228441,20,-0.296640079838344
798.518277607623,17.6375645340308,19.0959550214561,19.9998278228441,20,-0.296640079838344
800,17.6375645340308,19.0959550214561,19.9998278228441,20,-0.294879988053288
801.869254715338,17.6375645340308,19.0959550214561,19.9809439341029,20,-0.294879988053288
803.628497520306,17.6740074701803,19.0959550214561,19.9809439341029,20,-0.294879988053288
805,17.6740074701803,19.0959550214561,19.9809439341029,20,-0.294937158079025
807.010256010795,17.6740074701803,19.0959550214561,19.9809439341029,20,-0.294937158079025
808.872316126046,17.6740074701803,19.0959550214561,19.9620603562554,20,-0.294937158079025
810,17.6740074701803,19.0959550214561,19.9620603562554,20,-0.295190365328742
812.026448814937,17.6740074701803,19.0959550214561,19.9620603562554,20,-0.295190365328742
813.923206874957,17.6740074701803,19.0959550214561,19.9620603562554,20,-0.295190365328742
815,17.6740074701803,19.0959550214561,19.9620603562554,20,-0.293436120893705
816.560216823398,17.6740074701803,19.0959550214561,19.9620603562554,20,-0.293436120893705
818.120433646795,17.7104483925491,19.0959550214561,19.9620603562554,20,-0.293436120893705
820,17.7104483925491,19.0959550214561,19.9620603562554,20,-0.293262256954314
822.152316509842,17.7104483925491,19.0959550214561,19.9620603562554,20,-0.293262256954314
824.131427038217,17.7104483925491,19.0959550214561,19.9431770824153,20,-0.293262256954314
825,17.7104483925491,19.0959550214561,19.9431770824153,20,-0.293316497619354
827.262476257564,17.7104483925491,19.0959550214561,19.9431770824153,20,-0.293316497619354
829.278365465871,17.7104483925491,19.0959550214561,19.9431770824153,20,-0.293316497619354
830,17.7104483925491,19.0959550214561,19.9431770824153,20,-0.293334221650609
832.391449052341,17.7468873520862,19.0959550214561,19.9431770824153,20,-0.293334221650609
834.475504394386,17.7468873520862,19.0959550214561,19.9431770824153,20,-0.293334221650609
835,17.7468873520862,19.0959550214561,19.9431770824153,20,-0.293293400424753
837.074594880373,17.7468873520862,19.1238870031959,19.9431770824153,20,-0.293293400424753
839.149189760747,17.7468873520862,19.1238870031959,19.9431770824153,20,-0.293293400424753
840,17.7468873520862,19.1238870031959,19.9431770824153,20,-0.293212550577615
842.423654784274,17.7468873520862,19.1238870031959,19.9431770824153,20,-0.293212550577615
844.602737808823,17.7468873520862,19.1238870031959,19.9431770824153,20,-0.293212550577615
845,17.7468873520862,19.1238870031959,19.9431770824153,20,-0.293108826426712
846.986310955887,17.7468873520862,19.1238870031959,19.9620603562554,20,-0.293108826426712
849.305659781113,17.7833243997023,19.1238870031959,19.9620603562554,20,-0.293108826426712
850,17.7833243997023,19.1238870031959,19.9620603562554,20,-0.292992910519405
852.116944787709,17.7833243997023,19.1238870031959,19.9620603562554,20,-0.292992910519405
854.544245500774,17.7833243997023,19.1238870031959,19.9620603562554,20,-0.292992910519405
855,17.7833243997023,19.1238870031959,19.9620603562554,20,-0.29287070258283
857.278772496131,17.7833243997023,19.1238870031959,19.9620603562554,20,-0.29287070258283
860,17.7833243997023,19.1518189787223,19.9620603562554,20,-0.294659927730516
861.750972426819,17.7833243997023,19.1518189787223,19.9620603562554,20,-0.294659927730516
863.501944853637,17.7833243997023,19.1518189787223,19.9620603562554,20,-0.294659927730516
865,17.7833243997023,19.1518189787223,19.9620603562554,20,-0.294769711152881
866.738399010175,17.7833243997023,19.1518189787223,19.9620603562554,20,-0.294769711152881
868.47679802035,17.7833243997023,19.1518189787223,19.9620603562554,20,-0.294769711152881
870,17.8197595862703,19.1518189787223,19.9620603562554,20,-0.294588241195478
871.802230291824,17.8197595862703,19.1518189787223,19.9809439341029,20,-0.294588241195478
873.604460583648,17.8197595862703,19.1518189787223,19.9809439341029,20,-0.294588241195478
875,17.8197595862703,19.1518189787223,19.9809439341029,20,-0.294408098422243
877.69008497416,17.8197595862703,19.1518189787223,19.9809439341029,20,-0.294408098422243
880,17.8197595862703,19.1518189787223,19.9809439341029,20,-0.296182583524357
881.478703372502,17.8197595862703,19.1797509705183,19.9809439341029,20,-0.296182583524357
882.957406745004,17.8197595862703,19.1797509705183,19.9809439341029,20,-0.296182583524357
884.812245656519,17.8197595862703,19.1797509705183,19.9809439341029,20,-0.296182583524357
885,17.8197595862703,19.1797509705183,19.9809439341029,20,-0.296309746962376
885.938771717406,17.8197595862703,19.1797509705183,19.9809439341029,20,-0.296309746962376
888.629040762728,17.8197595862703,19.1797509705183,19.9998278228441,20,-0.296309746962376
890,17.8197595862703,19.1797509705183,19.9998278228441,20,-0.296164518098137
893.34268348068,17.8197595862703,19.1797509705183,19.9998278228441,20,-0.296164518098137
895,17.8197595862703,19.1797509705183,19.9998278228441,20,-0.296030787705672
898.688744415801,17.8197595862703,19.1797509705183,19.9998278228441,20,-0.296030787705672
900,17.8197595862703,19.1797509705183,19.9998278228441,20,-0.295942336078926
903.48643610745,17.8561929626255,19.1797509705183,19.9998278228441,20,-0.295942336078926
905,17.8561929626255,19.2076830010596,20.018712029365,20,-0.297801712719644
906.508084158088,17.8561929626255,19.2076830010596,20.018712029365,20,-0.297801712719644
908.016168316176,17.8561929626255,19.2076830010596,20.018712029365,20,-0.297801712719644
910,17.8561929626255,19.2076830010596,20.018712029365,20,-0.298002666691153
912.125032798558,17.8561929626255,19.2076830010596,20.018712029365,20,-0.298002666691153
914.703130979425,17.8561929626255,19.2076830010596,20.018712029365,20,-0.298002666691153
915,17.8561929626255,19.2076830010596,20.018712029365,20,-0.297923622442243
916.484345102874,17.8561929626255,19.2076830010596,20.018712029365,20,-0.297923622442243
919.286454524218,17.8561929626255,19.2076830010596,20.018712029365,20,-0.297923622442243
920,17.8561929626255,19.2076830010596,20.018712029365,20,-0.297851727155087
923.32021434132,17.8561929626255,19.2076830010596,20.0375965605506,20,-0.297851727155087
925,17.8561929626255,19.2076830010596,20.0375965605506,20,-0.299737423596468
926.517257218595,17.8561929626255,19.2076830010596,20.0375965605506,20,-0.299737423596468
928.03451443719,17.8561929626255,19.2076830010596,20.0375965605506,20,-0.299737423596468
930,17.8561929626255,19.2076830010596,20.0375965605506,20,-0.299977286859814
932.132000840104,17.8561929626255,19.2076830010596,20.0375965605506,20,-0.299977286859814
934.703102599571,17.8561929626255,19.2076830010596,20.0375965605506,20,-0.299977286859814
935,17.8561929626255,19.2076830010596,20.0375965605506,20,-0.299945505574509
936.484487002143,17.8561929626255,19.2356150928149,20.0375965605506,20,-0.299945505574509
939.179689681046,17.8561929626255,19.2356150928149,20.0375965605506,20,-0.299945505574509
940,17.8561929626255,19.2356150928149,20.0375965605506,20,-0.299925597219178
943.170105740754,17.8561929626255,19.2356150928149,20.0375965605506,20,-0.299925597219178
945,17.8561929626255,19.2356150928149,20.0564814232849,20,-0.299951154834856
947.89967724908,17.8561929626255,19.2356150928149,20.0564814232849,20,-0.299951154834856
950,17.8561929626255,19.2356150928149,20.0564814232849,20,-0.30001000494555
952.72096013029,17.8561929626255,19.2356150928149,20.0564814232849,20,-0.30001000494555
955,17.8561929626255,19.2356150928149,20.0564814232849,20,-0.300088311929961
957.787654664047,17.8561929626255,19.2356150928149,20.0564814232849,20,-0.300088311929961
960,17.8561929626255,19.2356150928149,20.0564814232849,20,-0.30209172650961
961.538566241898,17.8561929626255,19.2356150928149,20.0564814232849,20,-0.30209172650961
963.077132483796,17.8561929626255,19.2356150928149,20.0564814232849,20,-0.30209172650961
965,17.8561929626255,19.2356150928149,20.0564814232849,20,-0.302422731833371
967.146056472431,17.8561929626255,19.2356150928149,20.0564814232849,20,-0.302422731833371
969.726594022826,17.8561929626255,19.2356150928149,20.0564814232849,20,-0.302422731833371
970,17.8561929626255,19.2356150928149,20.0564814232849,20,-0.302466053832581
971.367029885868,17.8561929626255,19.2356150928149,20.0564814232849,20,-0.302466053832581
974.323479916239,17.8561929626255,19.2356150928149,20.0564814232849,20,-0.302466053832581
975,17.8561929626255,19.2356150928149,20.0564814232849,20,-0.302512500739543
978.382600418805,17.8561929626255,19.2356150928149,20.0564814232849,20,-0.302512500739543
980,17.8561929626255,19.2356150928149,20.0564814232849,20,-0.302599848756869
981.735935731569,17.8561929626255,19.2356150928149,20.0564814232849,20,-0.302599848756869
983.471871463139,17.8561929626255,19.2356150928149,20.0564814232849,20,-0.302599848756869
985,17.8561929626255,19.2356150928149,20.0753666244515,20,-0.302718157939548
987.601858349498,17.8561929626255,19.2356150928149,20.0753666244515,20,-0.302718157939548
990,17.8561929626255,19.2356150928149,20.0753666244515,20,-0.302854746358847
992.908720103819,17.8561929626255,19.2356150928149,20.0753666244515,20,-0.302854746358847
995,17.8561929626255,19.2356150928149,20.0753666244515,20,-0.303001214783573
997.876601235502,17.8561929626255,19.2356150928149,20.0753666244515,20,-0.303001214783573
1000,17.8197595862703,19.2356150928149,20.0753666244515,20,-0.303152816664124
